hla_id,gene,allele,embed_idx
HLA:HLA27124,C,HLA:HLA27124 C*03:04:01:43 366 bp,0
HLA:HLA31936,B,HLA:HLA31936 B*51:348 362 bp,1
HLA:HLA08332,B,HLA:HLA08332 B*27:96:01 181 bp,2
HLA:HLA14652,DRB3,HLA:HLA14652 DRB3*01:20 89 bp,3
HLA:HLA39964,DRB1,HLA:HLA39964 DRB1*14:262 89 bp,4
HLA:HLA07342,A,HLA:HLA07342 A*02:334 181 bp,5
HLA:HLA14585,DPB1,HLA:HLA14585 DPB1*526:01 87 bp,6
HLA:HLA44060,C,HLA:HLA44060 C*06:408 366 bp,7
HLA:HLA37353,A,HLA:HLA37353 A*02:1098 365 bp,8
HLA:HLA17510,C,HLA:HLA17510 C*16:113 181 bp,9
HLA:HLA29927,DPB1,HLA:HLA29927 DPB1*03:01:01:15 258 bp,10
HLA:HLA18342,B,HLA:HLA18342 B*08:191 362 bp,11
HLA:HLA33460,A,HLA:HLA33460 A*03:01:01:103 365 bp,12
HLA:HLA28353,C,HLA:HLA28353 C*02:02:02:45 366 bp,13
HLA:HLA23632,C,HLA:HLA23632 C*03:474 181 bp,14
HLA:HLA06784,A,HLA:HLA06784 A*26:01:22 181 bp,15
HLA:HLA15258,A,HLA:HLA15258 A*02:30:02 365 bp,16
HLA:HLA27785,DQB1,HLA:HLA27785 DQB1*03:02:33 261 bp,17
HLA:HLA04313,C,HLA:HLA04313 C*12:25 181 bp,18
HLA:HLA38464,TAP2,HLA:HLA38464 TAP2*01:06 686 bp,19
HLA:HLA12072,B,HLA:HLA12072 B*27:131 362 bp,20
HLA:HLA31678,B,HLA:HLA31678 B*40:488N 138 bp,21
HLA:HLA17721,DPB1,HLA:HLA17721 DPB1*20:01:04 258 bp,22
HLA:HLA03147,B,HLA:HLA03147 B*57:15 362 bp,23
HLA:HLA32020,B,HLA:HLA32020 B*13:164 362 bp,24
HLA:HLA27394,E,HLA:HLA27394 E*01:05:02 358 bp,25
HLA:HLA21750,B,HLA:HLA21750 B*07:02:72 362 bp,26
HLA:HLA39891,B,HLA:HLA39891 B*51:402 362 bp,27
HLA:HLA13592,DRB1,HLA:HLA13592 DRB1*03:120 89 bp,28
HLA:HLA13762,DRB1,HLA:HLA13762 DRB1*03:124 266 bp,29
HLA:HLA22315,DRB1,HLA:HLA22315 DRB1*13:278Q 182 bp,30
HLA:HLA12947,A,HLA:HLA12947 A*30:94 181 bp,31
HLA:HLA18689,DQB1,HLA:HLA18689 DQB1*06:01:16 183 bp,32
HLA:HLA11381,DRB1,HLA:HLA11381 DRB1*11:158 89 bp,33
HLA:HLA44612,A,HLA:HLA44612 A*24:671 365 bp,34
HLA:HLA16820,B,HLA:HLA16820 B*14:56 362 bp,35
HLA:HLA23904,DRB3,HLA:HLA23904 DRB3*02:114 89 bp,36
HLA:HLA35684,DRB1,HLA:HLA35684 DRB1*01:137 183 bp,37
HLA:HLA27098,B,HLA:HLA27098 B*15:01:62 362 bp,38
HLA:HLA17986,B,HLA:HLA17986 B*38:01:01:02 362 bp,39
HLA:HLA43728,DPA1,HLA:HLA43728 DPA1*01:03:01:137 260 bp,40
HLA:HLA34201,C,HLA:HLA34201 C*07:02:01:181 366 bp,41
HLA:HLA19527,DPB1,HLA:HLA19527 DPB1*723:01 181 bp,42
HLA:HLA29478,C,HLA:HLA29478 C*07:904 366 bp,43
HLA:HLA18755,DRB1,HLA:HLA18755 DRB1*11:03:04 183 bp,44
HLA:HLA34810,A,HLA:HLA34810 A*68:290 365 bp,45
HLA:HLA24040,C,HLA:HLA24040 C*03:482 366 bp,46
HLA:HLA28332,DRB1,HLA:HLA28332 DRB1*14:225 89 bp,47
HLA:HLA09393,DPB1,HLA:HLA09393 DPB1*04:01:06 258 bp,48
HLA:HLA28866,C,HLA:HLA28866 C*06:02:01:47 366 bp,49
HLA:HLA02879,A,HLA:HLA02879 A*32:01:02 365 bp,50
HLA:HLA32149,DPA1,HLA:HLA32149 DPA1*01:81 226 bp,51
HLA:HLA10824,A,HLA:HLA10824 A*24:02:78 365 bp,52
HLA:HLA11758,A,HLA:HLA11758 A*02:513 181 bp,53
HLA:HLA17555,DPB1,HLA:HLA17555 DPB1*663:01 87 bp,54
HLA:HLA32399,B,HLA:HLA32399 B*37:101 362 bp,55
HLA:HLA15498,A,HLA:HLA15498 A*02:01:01:07 365 bp,56
HLA:HLA09987,C,HLA:HLA09987 C*03:212 349 bp,57
HLA:HLA27551,A,HLA:HLA27551 A*26:01:01:34 365 bp,58
HLA:HLA01935,C,HLA:HLA01935 C*12:14:01 298 bp,59
HLA:HLA17615,A,HLA:HLA17615 A*11:01:01:07 365 bp,60
HLA:HLA07683,B,HLA:HLA07683 B*45:14 181 bp,61
HLA:HLA39114,DPB1,HLA:HLA39114 DPB1*1578:01 224 bp,62
HLA:HLA32495,A,HLA:HLA32495 A*31:201N 183 bp,63
HLA:HLA07898,B,HLA:HLA07898 B*40:201 181 bp,64
HLA:HLA06211,B,HLA:HLA06211 B*49:01:03 181 bp,65
HLA:HLA42425,DRB4,HLA:HLA42425 DRB4*01:03:01:27 266 bp,66
HLA:HLA15984,C,HLA:HLA15984 C*03:342 181 bp,67
HLA:HLA17610,DPB1,HLA:HLA17610 DPB1*105:01:01:05 258 bp,68
HLA:HLA44943,B,HLA:HLA44943 B*55:147 273 bp,69
HLA:HLA07623,B,HLA:HLA07623 B*51:129 181 bp,70
HLA:HLA13568,C,HLA:HLA13568 C*02:104 181 bp,71
HLA:HLA28219,B,HLA:HLA28219 B*52:100 362 bp,72
HLA:HLA18786,DRB1,HLA:HLA18786 DRB1*04:01:19 183 bp,73
HLA:HLA13074,DRB1,HLA:HLA13074 DRB1*07:50 89 bp,74
HLA:HLA22125,C,HLA:HLA22125 C*07:730 366 bp,75
HLA:HLA10356,DPB1,HLA:HLA10356 DPB1*04:01:14 258 bp,76
HLA:HLA37319,DQB1,HLA:HLA37319 DQB1*03:510 183 bp,77
HLA:HLA14072,HFE,HLA:HLA14072 HFE*001:01:03 348 bp,78
HLA:HLA24700,A,HLA:HLA24700 A*02:01:01:102 365 bp,79
HLA:HLA40555,B,HLA:HLA40555 B*44:239:02 362 bp,80
HLA:HLA08348,B,HLA:HLA08348 B*44:157 181 bp,81
HLA:HLA04293,C,HLA:HLA04293 C*05:01:07 181 bp,82
HLA:HLA17281,C,HLA:HLA17281 C*03:03:35 338 bp,83
HLA:HLA18336,A,HLA:HLA18336 A*66:31 365 bp,84
HLA:HLA31513,B,HLA:HLA31513 B*40:489 362 bp,85
HLA:HLA31241,C,HLA:HLA31241 C*01:215 366 bp,86
HLA:HLA32657,B,HLA:HLA32657 B*27:05:02:30 362 bp,87
HLA:HLA09909,B,HLA:HLA09909 B*57:66 181 bp,88
HLA:HLA15265,B,HLA:HLA15265 B*27:154 181 bp,89
HLA:HLA44291,G,HLA:HLA44291 G*01:66 338 bp,90
HLA:HLA37666,A,HLA:HLA37666 A*11:447Q 332 bp,91
HLA:HLA25070,DPB1,HLA:HLA25070 DPB1*1048:01 181 bp,92
HLA:HLA08465,A,HLA:HLA08465 A*02:01:83 181 bp,93
HLA:HLA00705,DRB1,HLA:HLA00705 DRB1*04:19 266 bp,94
HLA:HLA28025,B,HLA:HLA28025 B*55:108 362 bp,95
HLA:HLA25226,B,HLA:HLA25226 B*39:158 362 bp,96
HLA:HLA19782,B,HLA:HLA19782 B*41:02:08 362 bp,97
HLA:HLA44768,OTHER,HLA:HLA44768 MICB*063 383 bp,98
HLA:HLA22098,B,HLA:HLA22098 B*45:25 362 bp,99
HLA:HLA19255,C,HLA:HLA19255 C*05:165 181 bp,100
HLA:HLA45081,E,HLA:HLA45081 E*01:156 358 bp,101
HLA:HLA20210,A,HLA:HLA20210 A*01:281Q 362 bp,102
HLA:HLA27780,B,HLA:HLA27780 B*35:482 362 bp,103
HLA:HLA11409,A,HLA:HLA11409 A*02:499 181 bp,104
HLA:HLA16044,C,HLA:HLA16044 C*07:567:01 181 bp,105
HLA:HLA06471,DRB1,HLA:HLA06471 DRB1*15:53 185 bp,106
HLA:HLA35016,DPB1,HLA:HLA35016 DPB1*10:01:01:04 258 bp,107
HLA:HLA29051,DQA1,HLA:HLA29051 DQA1*03:03:01:15 255 bp,108
HLA:HLA25541,A,HLA:HLA25541 A*24:02:01:48 365 bp,109
HLA:HLA35262,DPA1,HLA:HLA35262 DPA1*01:109 226 bp,110
HLA:HLA18372,B,HLA:HLA18372 B*51:01:60 362 bp,111
HLA:HLA08710,C,HLA:HLA08710 C*07:281 181 bp,112
HLA:HLA19835,C,HLA:HLA19835 C*07:01:67 366 bp,113
HLA:HLA27626,E,HLA:HLA27626 E*01:79 358 bp,114
HLA:HLA17356,DRB1,HLA:HLA17356 DRB1*14:05:01:02 266 bp,115
HLA:HLA35076,DPA1,HLA:HLA35076 DPA1*01:125 260 bp,116
HLA:HLA20844,DQB1,HLA:HLA20844 DQB1*04:53 89 bp,117
HLA:HLA39042,DQA1,HLA:HLA39042 DQA1*05:97 226 bp,118
HLA:HLA15898,C,HLA:HLA15898 C*07:553 366 bp,119
HLA:HLA03262,B,HLA:HLA03262 B*35:68:02 362 bp,120
HLA:HLA12697,C,HLA:HLA12697 C*15:02:01:02 366 bp,121
HLA:HLA27506,DQB1,HLA:HLA27506 DQB1*02:01:38 220 bp,122
HLA:HLA21663,A,HLA:HLA21663 A*02:01:158 365 bp,123
HLA:HLA29882,B,HLA:HLA29882 B*44:03:01:42 362 bp,124
HLA:HLA34581,DMA,HLA:HLA34581 DMA*01:01:01:16 261 bp,125
HLA:HLA05221,C,HLA:HLA05221 C*07:148 181 bp,126
HLA:HLA00442,C,HLA:HLA00442 C*07:10 366 bp,127
HLA:HLA34202,E,HLA:HLA34202 E*01:03:38 358 bp,128
HLA:HLA09650,DQB1,HLA:HLA09650 DQB1*03:03:07 183 bp,129
HLA:HLA24984,B,HLA:HLA24984 B*15:01:01:32 362 bp,130
HLA:HLA05229,A,HLA:HLA05229 A*02:252 365 bp,131
HLA:HLA15304,C,HLA:HLA15304 C*08:135 181 bp,132
HLA:HLA31512,B,HLA:HLA31512 B*51:01:91 362 bp,133
HLA:HLA28609,A,HLA:HLA28609 A*31:01:02:31 365 bp,134
HLA:HLA33485,C,HLA:HLA33485 C*07:02:01:156 366 bp,135
HLA:HLA36547,DPB1,HLA:HLA36547 DPB1*04:02:01:31 258 bp,136
HLA:HLA26371,A,HLA:HLA26371 A*24:479Q 362 bp,137
HLA:HLA31325,C,HLA:HLA31325 C*14:130 366 bp,138
HLA:HLA42903,DOB,HLA:HLA42903 DOB*01:01:03:12 273 bp,139
HLA:HLA30650,A,HLA:HLA30650 A*68:01:01:13 365 bp,140
HLA:HLA21934,DQB1,HLA:HLA21934 DQB1*02:141 183 bp,141
HLA:HLA21076,C,HLA:HLA21076 C*05:198 366 bp,142
HLA:HLA00680,DRB1,HLA:HLA00680 DRB1*03:08 188 bp,143
HLA:HLA25940,B,HLA:HLA25940 B*18:189 362 bp,144
HLA:HLA04879,B,HLA:HLA04879 B*35:135 362 bp,145
HLA:HLA12040,C,HLA:HLA12040 C*07:381 366 bp,146
HLA:HLA18803,DQB1,HLA:HLA18803 DQB1*06:266 183 bp,147
HLA:HLA29525,DRB1,HLA:HLA29525 DRB1*14:229 89 bp,148
HLA:HLA32146,A,HLA:HLA32146 A*24:555 365 bp,149
HLA:HLA36413,DQB2,HLA:HLA36413 DQB2*01:01:01:07 268 bp,150
HLA:HLA32328,B,HLA:HLA32328 B*44:02:77 362 bp,151
HLA:HLA43827,DRA,HLA:HLA43827 DRA*01:01:01:45 254 bp,152
HLA:HLA19254,A,HLA:HLA19254 A*68:01:39 365 bp,153
HLA:HLA37679,DQA1,HLA:HLA37679 DQA1*01:66:01:02 255 bp,154
HLA:HLA22545,DRB3,HLA:HLA22545 DRB3*02:89 183 bp,155
HLA:HLA15828,A,HLA:HLA15828 A*02:646 365 bp,156
HLA:HLA39209,A,HLA:HLA39209 A*02:1140 365 bp,157
HLA:HLA45182,B,HLA:HLA45182 B*27:303 362 bp,158
HLA:HLA11387,DRB1,HLA:HLA11387 DRB1*14:150 89 bp,159
HLA:HLA07862,DRB1,HLA:HLA07862 DRB1*15:01:19 89 bp,160
HLA:HLA21507,A,HLA:HLA21507 A*29:128 365 bp,161
HLA:HLA37772,DQA1,HLA:HLA37772 DQA1*01:123 255 bp,162
HLA:HLA19291,A,HLA:HLA19291 A*68:182N 120 bp,163
HLA:HLA39785,A,HLA:HLA39785 A*11:01:128:01 365 bp,164
HLA:HLA07216,C,HLA:HLA07216 C*06:02:18 181 bp,165
HLA:HLA24385,C,HLA:HLA24385 C*08:02:01:13 366 bp,166
HLA:HLA44720,DOA,HLA:HLA44720 DOA*01:01:04:24 250 bp,167
HLA:HLA44666,MICA,HLA:HLA44666 MICA*011:01:10 385 bp,168
HLA:HLA42240,DPB1,HLA:HLA42240 DPB1*1751:01 87 bp,169
HLA:HLA09604,C,HLA:HLA09604 C*07:02:42 181 bp,170
HLA:HLA04242,B,HLA:HLA04242 B*15:177 181 bp,171
HLA:HLA07950,C,HLA:HLA07950 C*03:116:02 181 bp,172
HLA:HLA03503,B,HLA:HLA03503 B*55:34 181 bp,173
HLA:HLA11946,DPB1,HLA:HLA11946 DPB1*352:01:01 218 bp,174
HLA:HLA17524,DQB1,HLA:HLA17524 DQB1*02:101 89 bp,175
HLA:HLA32282,DQB1,HLA:HLA32282 DQB1*02:01:42 261 bp,176
HLA:HLA23403,B,HLA:HLA23403 B*35:444 181 bp,177
HLA:HLA22465,C,HLA:HLA22465 C*04:364N 73 bp,178
HLA:HLA38684,DPA1,HLA:HLA38684 DPA1*02:59:02 226 bp,179
HLA:HLA42058,MICB,HLA:HLA42058 MICB*004:01:31 383 bp,180
HLA:HLA27005,A,HLA:HLA27005 A*32:01:01:23 365 bp,181
HLA:HLA10057,C,HLA:HLA10057 C*06:02:31 366 bp,182
HLA:HLA03496,A,HLA:HLA03496 A*24:94 181 bp,183
HLA:HLA31264,MICA,HLA:HLA31264 MICA*007:01:09 383 bp,184
HLA:HLA28821,C,HLA:HLA28821 C*17:35:02 372 bp,185
HLA:HLA21494,C,HLA:HLA21494 C*15:08:02 366 bp,186
HLA:HLA42874,DOB,HLA:HLA42874 DOB*01:05:01:02 273 bp,187
HLA:HLA31594,DPB1,HLA:HLA31594 DPB1*03:01:15:01 258 bp,188
HLA:HLA06755,A,HLA:HLA06755 A*03:125 181 bp,189
HLA:HLA34379,DRB1,HLA:HLA34379 DRB1*13:02:20 266 bp,190
HLA:HLA11659,B,HLA:HLA11659 B*35:01:42 181 bp,191
HLA:HLA07634,B,HLA:HLA07634 B*27:05:18:01 362 bp,192
HLA:HLA00633,DQB1,HLA:HLA00633 DQB1*03:07 89 bp,193
HLA:HLA03629,A,HLA:HLA03629 A*02:157:01 273 bp,194
HLA:HLA35572,B,HLA:HLA35572 B*15:640 362 bp,195
HLA:HLA29816,B,HLA:HLA29816 B*40:476 362 bp,196
HLA:HLA18411,B,HLA:HLA18411 B*35:365 362 bp,197
HLA:HLA15544,B,HLA:HLA15544 B*37:61 181 bp,198
HLA:HLA34133,A,HLA:HLA34133 A*01:410 365 bp,199
HLA:HLA38273,C,HLA:HLA38273 C*04:01:01:177 366 bp,200
HLA:HLA09813,A,HLA:HLA09813 A*02:01:92 181 bp,201
HLA:HLA15946,C,HLA:HLA15946 C*12:03:01:05 366 bp,202
HLA:HLA15005,DRB1,HLA:HLA15005 DRB1*11:07:02 89 bp,203
HLA:HLA44061,A,HLA:HLA44061 A*02:01:230 365 bp,204
HLA:HLA04325,C,HLA:HLA04325 C*07:01:10 181 bp,205
HLA:HLA18982,B,HLA:HLA18982 B*27:05:02:06 362 bp,206
HLA:HLA29203,A,HLA:HLA29203 A*33:207 365 bp,207
HLA:HLA12905,DPB1,HLA:HLA12905 DPB1*05:01:05 87 bp,208
HLA:HLA29735,A,HLA:HLA29735 A*11:01:108 365 bp,209
HLA:HLA07556,C,HLA:HLA07556 C*01:65:01 273 bp,210
HLA:HLA14530,C,HLA:HLA14530 C*06:173 366 bp,211
HLA:HLA28971,MICB,HLA:HLA28971 MICB*004:01:23 383 bp,212
HLA:HLA33943,A,HLA:HLA33943 A*02:1042 365 bp,213
HLA:HLA31480,C,HLA:HLA31480 C*12:347 366 bp,214
HLA:HLA15480,DQB1,HLA:HLA15480 DQB1*03:233 89 bp,215
HLA:HLA22155,C,HLA:HLA22155 C*07:734 366 bp,216
HLA:HLA26499,C,HLA:HLA26499 C*08:02:01:24 366 bp,217
HLA:HLA02249,B,HLA:HLA02249 B*40:61 273 bp,218
HLA:HLA04693,C,HLA:HLA04693 C*15:27 181 bp,219
HLA:HLA35976,DPB1,HLA:HLA35976 DPB1*02:01:02:75 258 bp,220
HLA:HLA36997,C,HLA:HLA36997 C*07:01:118 366 bp,221
HLA:HLA18864,A,HLA:HLA18864 A*11:01:83 365 bp,222
HLA:HLA44105,B,HLA:HLA44105 B*27:05:02:48 362 bp,223
HLA:HLA00763,DRB1,HLA:HLA00763 DRB1*11:09:01:01 266 bp,224
HLA:HLA08852,DRB1,HLA:HLA08852 DRB1*04:143 89 bp,225
HLA:HLA10194,DRB1,HLA:HLA10194 DRB1*13:02:09 89 bp,226
HLA:HLA45019,MICA,HLA:HLA45019 MICA*007:01:13 383 bp,227
HLA:HLA37635,DPA1,HLA:HLA37635 DPA1*02:117 81 bp,228
HLA:HLA07622,A,HLA:HLA07622 A*02:352 181 bp,229
HLA:HLA42630,DQB1,HLA:HLA42630 DQB1*06:529 261 bp,230
HLA:HLA27561,A,HLA:HLA27561 A*02:01:01:150 365 bp,231
HLA:HLA17095,B,HLA:HLA17095 B*53:47 181 bp,232
HLA:HLA01854,DRB1,HLA:HLA01854 DRB1*13:63 89 bp,233
HLA:HLA07618,A,HLA:HLA07618 A*02:349 181 bp,234
HLA:HLA26773,C,HLA:HLA26773 C*03:03:01:27 366 bp,235
HLA:HLA34408,A,HLA:HLA34408 A*68:287 365 bp,236
HLA:HLA07208,B,HLA:HLA07208 B*07:142 181 bp,237
HLA:HLA05699,A,HLA:HLA05699 A*11:73 181 bp,238
HLA:HLA29603,B,HLA:HLA29603 B*35:01:01:54 362 bp,239
HLA:HLA04748,DRB1,HLA:HLA04748 DRB1*12:21 89 bp,240
HLA:HLA00331,B,HLA:HLA00331 B*46:01:01:01 362 bp,241
HLA:HLA22814,B,HLA:HLA22814 B*15:522 362 bp,242
HLA:HLA06414,C,HLA:HLA06414 C*12:54 366 bp,243
HLA:HLA13707,B,HLA:HLA13707 B*35:296 206 bp,244
HLA:HLA18710,DPB1,HLA:HLA18710 DPB1*708:01 181 bp,245
HLA:HLA34188,DRB1,HLA:HLA34188 DRB1*15:01:49 266 bp,246
HLA:HLA03007,C,HLA:HLA03007 C*04:28 338 bp,247
HLA:HLA03176,B,HLA:HLA03176 B*27:39 181 bp,248
HLA:HLA04489,A,HLA:HLA04489 A*23:25 181 bp,249
HLA:HLA35031,C,HLA:HLA35031 C*07:01:01:127Q 366 bp,250
HLA:HLA18380,C,HLA:HLA18380 C*08:162 366 bp,251
HLA:HLA34919,C,HLA:HLA34919 C*07:1018 366 bp,252
HLA:HLA11272,DQB1,HLA:HLA11272 DQB1*03:127 261 bp,253
HLA:HLA26418,A,HLA:HLA26418 A*32:01:39 365 bp,254
HLA:HLA12136,C,HLA:HLA12136 C*06:02:39 181 bp,255
HLA:HLA06937,B,HLA:HLA06937 B*78:01:02 181 bp,256
HLA:HLA18807,DQB1,HLA:HLA18807 DQB1*03:02:30 183 bp,257
HLA:HLA13446,A,HLA:HLA13446 A*01:181 181 bp,258
HLA:HLA00024,A,HLA:HLA00024 A*02:18 365 bp,259
HLA:HLA11740,DRB1,HLA:HLA11740 DRB1*04:177 89 bp,260
HLA:HLA26477,A,HLA:HLA26477 A*25:66 365 bp,261
HLA:HLA40450,MICB,HLA:HLA40450 MICB*005:02:44 383 bp,262
HLA:HLA04623,C,HLA:HLA04623 C*17:06 181 bp,263
HLA:HLA06646,B,HLA:HLA06646 B*44:02:18 181 bp,264
HLA:HLA35399,A,HLA:HLA35399 A*24:02:156 365 bp,265
HLA:HLA41025,DRB1,HLA:HLA41025 DRB1*11:336 232 bp,266
HLA:HLA36807,DRB3,HLA:HLA36807 DRB3*01:112 232 bp,267
HLA:HLA10674,B,HLA:HLA10674 B*52:33 181 bp,268
HLA:HLA30046,MICB,HLA:HLA30046 MICB*002:04 317 bp,269
HLA:HLA36638,A,HLA:HLA36638 A*03:455 365 bp,270
HLA:HLA00391,B,HLA:HLA00391 B*67:01:02 362 bp,271
HLA:HLA39781,A,HLA:HLA39781 A*23:137 365 bp,272
HLA:HLA05886,C,HLA:HLA05886 C*07:157 181 bp,273
HLA:HLA13589,DRB1,HLA:HLA13589 DRB1*04:53:02 89 bp,274
HLA:HLA06735,C,HLA:HLA06735 C*07:194 181 bp,275
HLA:HLA35271,DRB3,HLA:HLA35271 DRB3*03:57Q 235 bp,276
HLA:HLA15320,DQB1,HLA:HLA15320 DQB1*05:122 89 bp,277
HLA:HLA32905,B,HLA:HLA32905 B*40:02:01:33 362 bp,278
HLA:HLA07720,B,HLA:HLA07720 B*38:40 181 bp,279
HLA:HLA10963,A,HLA:HLA10963 A*68:110 181 bp,280
HLA:HLA37955,DPA1,HLA:HLA37955 DPA1*01:171Q 221 bp,281
HLA:HLA06741,A,HLA:HLA06741 A*11:104 181 bp,282
HLA:HLA37533,B,HLA:HLA37533 B*40:543 362 bp,283
HLA:HLA04487,A,HLA:HLA04487 A*23:24 181 bp,284
HLA:HLA22369,DRB1,HLA:HLA22369 DRB1*14:210Q 184 bp,285
HLA:HLA19556,B,HLA:HLA19556 B*35:379 362 bp,286
HLA:HLA12610,DRB1,HLA:HLA12610 DRB1*01:66 89 bp,287
HLA:HLA19448,C,HLA:HLA19448 C*14:02:25 366 bp,288
HLA:HLA10967,A,HLA:HLA10967 A*11:185 181 bp,289
HLA:HLA37740,A,HLA:HLA37740 A*03:468 365 bp,290
HLA:HLA37865,C,HLA:HLA37865 C*06:02:110 366 bp,291
HLA:HLA30833,B,HLA:HLA30833 B*39:01:01:23 362 bp,292
HLA:HLA17200,DQB1,HLA:HLA17200 DQB1*05:03:01:03 261 bp,293
HLA:HLA37526,DPB1,HLA:HLA37526 DPB1*04:01:01:132 258 bp,294
HLA:HLA09464,B,HLA:HLA09464 B*35:230 337 bp,295
HLA:HLA22804,C,HLA:HLA22804 C*08:190 366 bp,296
HLA:HLA11148,DQB1,HLA:HLA11148 DQB1*05:03:13 89 bp,297
HLA:HLA19071,B,HLA:HLA19071 B*44:285 362 bp,298
HLA:HLA38254,A,HLA:HLA38254 A*26:242 365 bp,299
HLA:HLA26357,DQB1,HLA:HLA26357 DQB1*05:245 89 bp,300
HLA:HLA18829,C,HLA:HLA18829 C*04:13:01:02 366 bp,301
HLA:HLA20092,B,HLA:HLA20092 B*07:139:02 362 bp,302
HLA:HLA16550,C,HLA:HLA16550 C*14:83 181 bp,303
HLA:HLA24846,C,HLA:HLA24846 C*07:818 366 bp,304
HLA:HLA42202,DQB1,HLA:HLA42202 DQB1*03:02:01:30 261 bp,305
HLA:HLA36374,DQB2,HLA:HLA36374 DQB2*01:07:01:04 264 bp,306
HLA:HLA37416,C,HLA:HLA37416 C*07:1066N 208 bp,307
HLA:HLA16231,B,HLA:HLA16231 B*57:01:23 362 bp,308
HLA:HLA33915,C,HLA:HLA33915 C*06:02:98 366 bp,309
HLA:HLA11470,B,HLA:HLA11470 B*35:254 273 bp,310
HLA:HLA11152,DQB1,HLA:HLA11152 DQB1*06:136 89 bp,311
HLA:HLA33790,DPA1,HLA:HLA33790 DPA1*01:03:01:43 260 bp,312
HLA:HLA11600,DQB1,HLA:HLA11600 DQB1*06:22:03 89 bp,313
HLA:HLA09261,DQB1,HLA:HLA09261 DQB1*03:61 89 bp,314
HLA:HLA09399,DPB1,HLA:HLA09399 DPB1*02:01:09 258 bp,315
HLA:HLA41424,B,HLA:HLA41424 B*40:589 362 bp,316
HLA:HLA14029,C,HLA:HLA14029 C*02:55:02 181 bp,317
HLA:HLA08141,B,HLA:HLA08141 B*08:94 181 bp,318
HLA:HLA37396,DPB1,HLA:HLA37396 DPB1*1486:01Q 231 bp,319
HLA:HLA36750,C,HLA:HLA36750 C*17:67 372 bp,320
HLA:HLA05264,B,HLA:HLA05264 B*15:197:01 337 bp,321
HLA:HLA03426,DRB1,HLA:HLA03426 DRB1*01:02:05 183 bp,322
HLA:HLA43696,DQA1,HLA:HLA43696 DQA1*01:03:01:23 255 bp,323
HLA:HLA16951,C,HLA:HLA16951 C*04:270 181 bp,324
HLA:HLA05931,A,HLA:HLA05931 A*11:81 181 bp,325
HLA:HLA05294,B,HLA:HLA05294 B*55:41 348 bp,326
HLA:HLA26539,DQB1,HLA:HLA26539 DQB1*02:02:06:02 261 bp,327
HLA:HLA00730,DRB1,HLA:HLA00730 DRB1*08:04:03 89 bp,328
HLA:HLA30854,A,HLA:HLA30854 A*02:984 365 bp,329
HLA:HLA25652,DPA1,HLA:HLA25652 DPA1*02:01:01:12 260 bp,330
HLA:HLA24518,C,HLA:HLA24518 C*06:02:01:25 366 bp,331
HLA:HLA05130,C,HLA:HLA05130 C*01:39 366 bp,332
HLA:HLA24947,DRB1,HLA:HLA24947 DRB1*16:02:01:04 266 bp,333
HLA:HLA19161,C,HLA:HLA19161 C*16:123N 91 bp,334
HLA:HLA38336,A,HLA:HLA38336 A*01:438 365 bp,335
HLA:HLA03742,A,HLA:HLA03742 A*01:01:06 181 bp,336
HLA:HLA38505,A,HLA:HLA38505 A*02:01:214 365 bp,337
HLA:HLA21763,DRB1,HLA:HLA21763 DRB1*13:270 183 bp,338
HLA:HLA12786,C,HLA:HLA12786 C*03:274 181 bp,339
HLA:HLA07552,B,HLA:HLA07552 B*37:32 273 bp,340
HLA:HLA13617,A,HLA:HLA13617 A*68:43:02 340 bp,341
HLA:HLA41326,C,HLA:HLA41326 C*04:529 366 bp,342
HLA:HLA40850,E,HLA:HLA40850 E*01:01:01:59 358 bp,343
HLA:HLA28038,B,HLA:HLA28038 B*40:457 362 bp,344
HLA:HLA05841,B,HLA:HLA05841 B*35:03:07 273 bp,345
HLA:HLA41972,C,HLA:HLA41972 C*03:698 366 bp,346
HLA:HLA22168,A,HLA:HLA22168 A*24:435N 97 bp,347
HLA:HLA16445,A,HLA:HLA16445 A*68:160 181 bp,348
HLA:HLA20301,C,HLA:HLA20301 C*07:677 366 bp,349
HLA:HLA26564,DQB1,HLA:HLA26564 DQB1*03:418 220 bp,350
HLA:HLA23406,DRB3,HLA:HLA23406 DRB3*02:99 183 bp,351
HLA:HLA39198,DPB1,HLA:HLA39198 DPB1*1556:01 258 bp,352
HLA:HLA27675,E,HLA:HLA27675 E*01:107 358 bp,353
HLA:HLA09729,DQB1,HLA:HLA09729 DQB1*02:01:12 89 bp,354
HLA:HLA01218,A,HLA:HLA01218 A*02:43N 288 bp,355
HLA:HLA45040,B,HLA:HLA45040 B*15:283:02 362 bp,356
HLA:HLA05505,B,HLA:HLA05505 B*41:13 181 bp,357
HLA:HLA44494,DPB1,HLA:HLA44494 DPB1*1393:01:01:02 258 bp,358
HLA:HLA22284,B,HLA:HLA22284 B*49:61 362 bp,359
HLA:HLA24657,A,HLA:HLA24657 A*01:324:01 365 bp,360
HLA:HLA21356,A,HLA:HLA21356 A*02:01:155 365 bp,361
HLA:HLA11836,B,HLA:HLA11836 B*44:199 181 bp,362
HLA:HLA23376,C,HLA:HLA23376 C*07:02:01:39 366 bp,363
HLA:HLA01132,B,HLA:HLA01132 B*51:20 362 bp,364
HLA:HLA36215,OTHER,HLA:HLA36215 MICA*278 333 bp,365
HLA:HLA16964,DRB1,HLA:HLA16964 DRB1*11:211 89 bp,366
HLA:HLA05940,A,HLA:HLA05940 A*11:83 365 bp,367
HLA:HLA23265,DRB3,HLA:HLA23265 DRB3*02:113 232 bp,368
HLA:HLA33802,DQB1,HLA:HLA33802 DQB1*05:01:01:22 261 bp,369
HLA:HLA05988,A,HLA:HLA05988 A*01:01:30 181 bp,370
HLA:HLA03704,C,HLA:HLA03704 C*02:26:01 181 bp,371
HLA:HLA32546,A,HLA:HLA32546 A*02:1016N 213 bp,372
HLA:HLA20685,DQB1,HLA:HLA20685 DQB1*03:310N 152 bp,373
HLA:HLA31095,B,HLA:HLA31095 B*38:01:19 362 bp,374
HLA:HLA18532,C,HLA:HLA18532 C*05:163 366 bp,375
HLA:HLA01225,DRB4,HLA:HLA01225 DRB4*01:03:03 266 bp,376
HLA:HLA17583,A,HLA:HLA17583 A*24:386 273 bp,377
HLA:HLA34026,DQA1,HLA:HLA34026 DQA1*01:03:06 255 bp,378
HLA:HLA25459,B,HLA:HLA25459 B*51:01:79 362 bp,379
HLA:HLA42862,DOB,HLA:HLA42862 DOB*01:01:01:40 273 bp,380
HLA:HLA35717,DPB1,HLA:HLA35717 DPB1*1366:01 258 bp,381
HLA:HLA24042,C,HLA:HLA24042 C*07:01:02:03 366 bp,382
HLA:HLA33769,DPA1,HLA:HLA33769 DPA1*01:03:01:46 260 bp,383
HLA:HLA26468,B,HLA:HLA26468 B*38:165N 111 bp,384
HLA:HLA05975,DRB1,HLA:HLA05975 DRB1*11:100 89 bp,385
HLA:HLA23390,DPA1,HLA:HLA23390 DPA1*02:21:01 226 bp,386
HLA:HLA04913,B,HLA:HLA04913 B*35:106 181 bp,387
HLA:HLA18759,DRB1,HLA:HLA18759 DRB1*04:246 183 bp,388
HLA:HLA18000,DRB1,HLA:HLA18000 DRB1*07:83 89 bp,389
HLA:HLA02636,B,HLA:HLA02636 B*53:12 181 bp,390
HLA:HLA03182,DRB1,HLA:HLA03182 DRB1*13:50:02 89 bp,391
HLA:HLA37343,C,HLA:HLA37343 C*03:635N 120 bp,392
HLA:HLA41053,DQB1,HLA:HLA41053 DQB1*02:231 261 bp,393
HLA:HLA24960,B,HLA:HLA24960 B*18:01:01:38 362 bp,394
HLA:HLA04056,B,HLA:HLA04056 B*44:76 181 bp,395
HLA:HLA22418,C,HLA:HLA22418 C*03:03:54 365 bp,396
HLA:HLA27095,B,HLA:HLA27095 B*40:452 362 bp,397
HLA:HLA27706,A,HLA:HLA27706 A*24:494 365 bp,398
HLA:HLA19451,DQB1,HLA:HLA19451 DQB1*05:163 257 bp,399
HLA:HLA04807,A,HLA:HLA04807 A*02:01:44 181 bp,400
HLA:HLA21400,C,HLA:HLA21400 C*08:02:23 366 bp,401
HLA:HLA39708,B,HLA:HLA39708 B*49:83 362 bp,402
HLA:HLA32519,A,HLA:HLA32519 A*02:1021 365 bp,403
HLA:HLA18799,DQB1,HLA:HLA18799 DQB1*02:01:27 183 bp,404
HLA:HLA14441,B,HLA:HLA14441 B*52:59 181 bp,405
HLA:HLA36827,DRB1,HLA:HLA36827 DRB1*10:01:18 220 bp,406
HLA:HLA34484,C,HLA:HLA34484 C*15:02:01:55 366 bp,407
HLA:HLA08566,A,HLA:HLA08566 A*32:53 273 bp,408
HLA:HLA35209,DRB1,HLA:HLA35209 DRB1*08:114 232 bp,409
HLA:HLA38917,DRB3,HLA:HLA38917 DRB3*01:122 232 bp,410
HLA:HLA01814,DRB1,HLA:HLA01814 DRB1*08:26 266 bp,411
HLA:HLA28047,B,HLA:HLA28047 B*13:142 362 bp,412
HLA:HLA36164,B,HLA:HLA36164 B*15:646 362 bp,413
HLA:HLA42391,DPB1,HLA:HLA42391 DPB1*03:01:34 224 bp,414
HLA:HLA11174,DRB1,HLA:HLA11174 DRB1*11:11:03 89 bp,415
HLA:HLA13357,B,HLA:HLA13357 B*35:01:45 362 bp,416
HLA:HLA36297,B,HLA:HLA36297 B*15:644 362 bp,417
HLA:HLA30323,C,HLA:HLA30323 C*08:02:01:33 366 bp,418
HLA:HLA27276,B,HLA:HLA27276 B*51:315 337 bp,419
HLA:HLA09372,DQB1,HLA:HLA09372 DQB1*06:74 261 bp,420
HLA:HLA26541,A,HLA:HLA26541 A*30:165 365 bp,421
HLA:HLA18783,DRB1,HLA:HLA18783 DRB1*15:156 183 bp,422
HLA:HLA03781,A,HLA:HLA03781 A*24:02:20 273 bp,423
HLA:HLA31543,C,HLA:HLA31543 C*12:03:74 366 bp,424
HLA:HLA10154,C,HLA:HLA10154 C*15:80 273 bp,425
HLA:HLA44630,G,HLA:HLA44630 G*01:67 338 bp,426
HLA:HLA03597,A,HLA:HLA03597 A*23:20 273 bp,427
HLA:HLA34137,DRB1,HLA:HLA34137 DRB1*13:01:39 266 bp,428
HLA:HLA00692,DRB1,HLA:HLA00692 DRB1*04:06:01 266 bp,429
HLA:HLA41524,C,HLA:HLA41524 C*01:278 366 bp,430
HLA:HLA21740,DPB1,HLA:HLA21740 DPB1*915:01 181 bp,431
HLA:HLA02770,B,HLA:HLA02770 B*44:52N 190 bp,432
HLA:HLA06093,A,HLA:HLA06093 A*23:35 181 bp,433
HLA:HLA20660,C,HLA:HLA20660 C*15:168 366 bp,434
HLA:HLA36739,DQA1,HLA:HLA36739 DQA1*05:01:11 254 bp,435
HLA:HLA08260,A,HLA:HLA08260 A*11:01:44 181 bp,436
HLA:HLA16545,C,HLA:HLA16545 C*03:348 181 bp,437
HLA:HLA21025,DRB1,HLA:HLA21025 DRB1*12:71 183 bp,438
HLA:HLA15763,B,HLA:HLA15763 B*44:02:01:04 362 bp,439
HLA:HLA12886,B,HLA:HLA12886 B*35:01:44 298 bp,440
HLA:HLA36663,DQA1,HLA:HLA36663 DQA1*05:71 254 bp,441
HLA:HLA14956,C,HLA:HLA14956 C*03:321 181 bp,442
HLA:HLA35106,DPB1,HLA:HLA35106 DPB1*126:01:01:04 258 bp,443
HLA:HLA28986,MICB,HLA:HLA28986 MICB*005:06:03 383 bp,444
HLA:HLA36055,OTHER,HLA:HLA36055 MICA*258 383 bp,445
HLA:HLA40358,DPB1,HLA:HLA40358 DPB1*1607:01N 102 bp,446
HLA:HLA09548,A,HLA:HLA09548 A*02:421 181 bp,447
HLA:HLA17362,DQA1,HLA:HLA17362 DQA1*05:05:01:10 254 bp,448
HLA:HLA32141,B,HLA:HLA32141 B*51:01:01:82 362 bp,449
HLA:HLA02138,A,HLA:HLA02138 A*32:09 181 bp,450
HLA:HLA36426,A,HLA:HLA36426 A*02:1081 365 bp,451
HLA:HLA43841,DQA1,HLA:HLA43841 DQA1*01:05:01:04 255 bp,452
HLA:HLA08640,A,HLA:HLA08640 A*01:83:02 181 bp,453
HLA:HLA09535,A,HLA:HLA09535 A*24:239 181 bp,454
HLA:HLA17215,DQB1,HLA:HLA17215 DQB1*03:265 200 bp,455
HLA:HLA30657,C,HLA:HLA30657 C*07:02:01:131 366 bp,456
HLA:HLA36411,DQB1,HLA:HLA36411 DQB1*02:02:21 261 bp,457
HLA:HLA11842,B,HLA:HLA11842 B*39:94 181 bp,458
HLA:HLA42463,DQB1,HLA:HLA42463 DQB1*05:358 183 bp,459
HLA:HLA44598,B,HLA:HLA44598 B*40:616 362 bp,460
HLA:HLA18008,A,HLA:HLA18008 A*66:03:01:02 365 bp,461
HLA:HLA37373,C,HLA:HLA37373 C*12:384 366 bp,462
HLA:HLA04360,DQA1,HLA:HLA04360 DQA1*05:10 175 bp,463
HLA:HLA42555,B,HLA:HLA42555 B*27:292 362 bp,464
HLA:HLA00988,B,HLA:HLA00988 B*56:06 362 bp,465
HLA:HLA17067,B,HLA:HLA17067 B*44:269 362 bp,466
HLA:HLA36752,B,HLA:HLA36752 B*15:35:02 362 bp,467
HLA:HLA16768,C,HLA:HLA16768 C*12:208 181 bp,468
HLA:HLA07615,A,HLA:HLA07615 A*02:01:68 181 bp,469
HLA:HLA43029,C,HLA:HLA43029 C*14:171 349 bp,470
HLA:HLA44741,DQB1,HLA:HLA44741 DQB1*06:547 261 bp,471
HLA:HLA17770,DQA1,HLA:HLA17770 DQA1*01:02:01:09 255 bp,472
HLA:HLA41670,B,HLA:HLA41670 B*40:596:01 298 bp,473
HLA:HLA15237,A,HLA:HLA15237 A*68:148Q 365 bp,474
HLA:HLA06689,B,HLA:HLA06689 B*35:01:27 181 bp,475
HLA:HLA01725,B,HLA:HLA01725 B*07:32 273 bp,476
HLA:HLA03841,B,HLA:HLA03841 B*54:19 181 bp,477
HLA:HLA15395,DRB1,HLA:HLA15395 DRB1*09:30 89 bp,478
HLA:HLA36136,OTHER,HLA:HLA36136 MICA*286N 193 bp,479
HLA:HLA25977,B,HLA:HLA25977 B*15:245:02Q 273 bp,480
HLA:HLA26947,C,HLA:HLA26947 C*02:189 366 bp,481
HLA:HLA41532,A,HLA:HLA41532 A*34:01:01:04 365 bp,482
HLA:HLA18886,A,HLA:HLA18886 A*02:729 365 bp,483
HLA:HLA31840,DPB1,HLA:HLA31840 DPB1*1201:01 224 bp,484
HLA:HLA17537,DRB4,HLA:HLA17537 DRB4*01:52 89 bp,485
HLA:HLA28589,A,HLA:HLA28589 A*11:01:01:54 365 bp,486
HLA:HLA11291,DRB1,HLA:HLA11291 DRB1*01:62:01N 56 bp,487
HLA:HLA27571,B,HLA:HLA27571 B*55:02:15 362 bp,488
HLA:HLA27875,C,HLA:HLA27875 C*07:861 366 bp,489
HLA:HLA35854,DPB1,HLA:HLA35854 DPB1*1382:01 258 bp,490
HLA:HLA01239,DRB1,HLA:HLA01239 DRB1*11:38 89 bp,491
HLA:HLA32400,A,HLA:HLA32400 A*11:409 365 bp,492
HLA:HLA44160,A,HLA:HLA44160 A*25:01:25 365 bp,493
HLA:HLA34435,A,HLA:HLA34435 A*24:49:02 365 bp,494
HLA:HLA35547,DPA1,HLA:HLA35547 DPA1*02:01:21 260 bp,495
HLA:HLA16919,A,HLA:HLA16919 A*33:128 181 bp,496
HLA:HLA30226,DRB3,HLA:HLA30226 DRB3*03:52 183 bp,497
HLA:HLA25079,A,HLA:HLA25079 A*01:01:01:36 365 bp,498
HLA:HLA00081,A,HLA:HLA00081 A*26:09 365 bp,499
HLA:HLA07112,C,HLA:HLA07112 C*16:42 366 bp,500
HLA:HLA25287,B,HLA:HLA25287 B*07:02:01:19 362 bp,501
HLA:HLA26985,DQB1,HLA:HLA26985 DQB1*05:02:01:07 261 bp,502
HLA:HLA26303,A,HLA:HLA26303 A*66:40 365 bp,503
HLA:HLA17854,B,HLA:HLA17854 B*40:365 362 bp,504
HLA:HLA07420,MICA,HLA:HLA07420 MICA*068:01:01 349 bp,505
HLA:HLA43274,B,HLA:HLA43274 B*40:610 362 bp,506
HLA:HLA13792,DRB1,HLA:HLA13792 DRB1*07:62 89 bp,507
HLA:HLA17796,A,HLA:HLA17796 A*29:106 181 bp,508
HLA:HLA44642,DPB1,HLA:HLA44642 DPB1*1844:01N 125 bp,509
HLA:HLA42053,A,HLA:HLA42053 A*03:501Q 361 bp,510
HLA:HLA37771,DRB1,HLA:HLA37771 DRB1*09:01:14 266 bp,511
HLA:HLA03212,C,HLA:HLA03212 C*05:18:01 366 bp,512
HLA:HLA25550,C,HLA:HLA25550 C*17:01:01:08 372 bp,513
HLA:HLA41858,A,HLA:HLA41858 A*24:07:05 365 bp,514
HLA:HLA26244,DRB1,HLA:HLA26244 DRB1*13:297 183 bp,515
HLA:HLA27498,A,HLA:HLA27498 A*68:241 365 bp,516
HLA:HLA43147,F,HLA:HLA43147 F*01:26 346 bp,517
HLA:HLA43457,DRB3,HLA:HLA43457 DRB3*02:02:36 266 bp,518
HLA:HLA43244,A,HLA:HLA43244 A*32:01:65 365 bp,519
HLA:HLA00945,G,HLA:HLA00945 G*01:01:07 273 bp,520
HLA:HLA34409,A,HLA:HLA34409 A*68:288 365 bp,521
HLA:HLA02808,B,HLA:HLA02808 B*46:10 362 bp,522
HLA:HLA37408,C,HLA:HLA37408 C*14:152 366 bp,523
HLA:HLA05210,C,HLA:HLA05210 C*02:02:12 181 bp,524
HLA:HLA09401,DPB1,HLA:HLA09401 DPB1*155:01:01 181 bp,525
HLA:HLA03947,B,HLA:HLA03947 B*15:163 273 bp,526
HLA:HLA44576,DRB1,HLA:HLA44576 DRB1*16:84 266 bp,527
HLA:HLA10576,C,HLA:HLA10576 C*03:225 349 bp,528
HLA:HLA22394,DQB1,HLA:HLA22394 DQB1*05:01:34 224 bp,529
HLA:HLA18340,A,HLA:HLA18340 A*03:293 365 bp,530
HLA:HLA27496,A,HLA:HLA27496 A*68:240 181 bp,531
HLA:HLA30424,DPB1,HLA:HLA30424 DPB1*1178:01 224 bp,532
HLA:HLA01433,DRB1,HLA:HLA01433 DRB1*11:01:04 89 bp,533
HLA:HLA07982,A,HLA:HLA07982 A*11:01:41 181 bp,534
HLA:HLA18542,DPB1,HLA:HLA18542 DPB1*701:01:01:01 258 bp,535
HLA:HLA06753,A,HLA:HLA06753 A*03:124 181 bp,536
HLA:HLA31921,DQB1,HLA:HLA31921 DQB1*02:187 224 bp,537
HLA:HLA36090,DRB5,HLA:HLA36090 DRB5*02:36 232 bp,538
HLA:HLA18618,DRB1,HLA:HLA18618 DRB1*14:191 183 bp,539
HLA:HLA31270,DPA1,HLA:HLA31270 DPA1*02:50:01 226 bp,540
HLA:HLA12130,B,HLA:HLA12130 B*44:204:01 181 bp,541
HLA:HLA05647,A,HLA:HLA05647 A*03:97 365 bp,542
HLA:HLA41423,C,HLA:HLA41423 C*01:276 366 bp,543
HLA:HLA06548,A,HLA:HLA06548 A*01:01:36 365 bp,544
HLA:HLA41343,C,HLA:HLA41343 C*06:393 366 bp,545
HLA:HLA02938,A,HLA:HLA02938 A*02:35:03 181 bp,546
HLA:HLA04179,B,HLA:HLA04179 B*35:01:11 181 bp,547
HLA:HLA09897,B,HLA:HLA09897 B*35:234 181 bp,548
HLA:HLA27293,DPB1,HLA:HLA27293 DPB1*1098:01N 123 bp,549
HLA:HLA02984,A,HLA:HLA02984 A*24:79 318 bp,550
HLA:HLA42811,B,HLA:HLA42811 B*07:531 362 bp,551
HLA:HLA37150,DQA1,HLA:HLA37150 DQA1*05:78 254 bp,552
HLA:HLA25532,B,HLA:HLA25532 B*35:01:01:25 362 bp,553
HLA:HLA30201,A,HLA:HLA30201 A*02:01:01:184 365 bp,554
HLA:HLA16586,DRB3,HLA:HLA16586 DRB3*02:59 89 bp,555
HLA:HLA16734,C,HLA:HLA16734 C*07:586 366 bp,556
HLA:HLA20214,B,HLA:HLA20214 B*44:02:54 362 bp,557
HLA:HLA29712,A,HLA:HLA29712 A*02:76:03 365 bp,558
HLA:HLA36669,DRB1,HLA:HLA36669 DRB1*01:140 232 bp,559
HLA:HLA09701,B,HLA:HLA09701 B*07:33:02 181 bp,560
HLA:HLA24729,C,HLA:HLA24729 C*07:02:01:69 366 bp,561
HLA:HLA12111,A,HLA:HLA12111 A*03:199 181 bp,562
HLA:HLA39049,A,HLA:HLA39049 A*23:17:01:06 365 bp,563
HLA:HLA38825,A,HLA:HLA38825 A*23:133 365 bp,564
HLA:HLA01807,DRB1,HLA:HLA01807 DRB1*14:03:02 89 bp,565
HLA:HLA40043,B,HLA:HLA40043 B*52:121 362 bp,566
HLA:HLA22555,B,HLA:HLA22555 B*40:426N 150 bp,567
HLA:HLA45038,B,HLA:HLA45038 B*58:01:52 362 bp,568
HLA:HLA01634,DRB5,HLA:HLA01634 DRB5*01:12 89 bp,569
HLA:HLA06469,DRA,HLA:HLA06469 DRA*01:01:01:02 254 bp,570
HLA:HLA41854,B,HLA:HLA41854 B*27:284 362 bp,571
HLA:HLA21399,B,HLA:HLA21399 B*15:01:01:20 362 bp,572
HLA:HLA44738,DQB1,HLA:HLA44738 DQB1*03:01:74 261 bp,573
HLA:HLA22223,DRB1,HLA:HLA22223 DRB1*15:169 183 bp,574
HLA:HLA04035,DRB1,HLA:HLA04035 DRB1*04:05:08 89 bp,575
HLA:HLA28636,A,HLA:HLA28636 A*02:943 181 bp,576
HLA:HLA18888,A,HLA:HLA18888 A*02:730 365 bp,577
HLA:HLA26412,A,HLA:HLA26412 A*11:01:102 365 bp,578
HLA:HLA12324,C,HLA:HLA12324 C*07:395 181 bp,579
HLA:HLA17205,DQB1,HLA:HLA17205 DQB1*05:01:24:01 261 bp,580
HLA:HLA37270,DRB1,HLA:HLA37270 DRB1*10:46 232 bp,581
HLA:HLA23233,B,HLA:HLA23233 B*18:02:02 362 bp,582
HLA:HLA07631,B,HLA:HLA07631 B*27:88 181 bp,583
HLA:HLA04925,B,HLA:HLA04925 B*07:102 181 bp,584
HLA:HLA37739,C,HLA:HLA37739 C*07:02:01:187 366 bp,585
HLA:HLA17750,C,HLA:HLA17750 C*03:04:57 366 bp,586
HLA:HLA07846,C,HLA:HLA07846 C*07:01:26 181 bp,587
HLA:HLA12227,DPB1,HLA:HLA12227 DPB1*367:01 181 bp,588
HLA:HLA42334,A,HLA:HLA42334 A*11:484 365 bp,589
HLA:HLA06090,A,HLA:HLA06090 A*02:01:55 181 bp,590
HLA:HLA02878,A,HLA:HLA02878 A*01:22N 271 bp,591
HLA:HLA34577,A,HLA:HLA34577 A*01:415 365 bp,592
HLA:HLA35260,A,HLA:HLA35260 A*11:03:01:02 365 bp,593
HLA:HLA07514,DRB1,HLA:HLA07514 DRB1*11:123 89 bp,594
HLA:HLA08477,C,HLA:HLA08477 C*03:165:01 181 bp,595
HLA:HLA17707,DPB1,HLA:HLA17707 DPB1*41:01:01:02 258 bp,596
HLA:HLA18019,F,HLA:HLA18019 F*01:01:01:15 346 bp,597
HLA:HLA09441,B,HLA:HLA09441 B*51:152 362 bp,598
HLA:HLA27519,A,HLA:HLA27519 A*11:363 365 bp,599
HLA:HLA20802,C,HLA:HLA20802 C*01:02:51 366 bp,600
HLA:HLA31730,A,HLA:HLA31730 A*11:405 365 bp,601
HLA:HLA09790,A,HLA:HLA09790 A*24:242 181 bp,602
HLA:HLA03665,B,HLA:HLA03665 B*51:66 181 bp,603
HLA:HLA38766,C,HLA:HLA38766 C*15:263 366 bp,604
HLA:HLA41494,C,HLA:HLA41494 C*03:695 366 bp,605
HLA:HLA14953,C,HLA:HLA14953 C*12:179 273 bp,606
HLA:HLA18105,DQB1,HLA:HLA18105 DQB1*05:01:24:02 261 bp,607
HLA:HLA12558,A,HLA:HLA12558 A*02:06:18 181 bp,608
HLA:HLA13267,C,HLA:HLA13267 C*04:01:67 181 bp,609
HLA:HLA14144,B,HLA:HLA14144 B*08:156 181 bp,610
HLA:HLA37129,C,HLA:HLA37129 C*04:499 366 bp,611
HLA:HLA45140,MICA,HLA:HLA45140 MICA*008:01:21 333 bp,612
HLA:HLA17998,B,HLA:HLA17998 B*14:58 181 bp,613
HLA:HLA03637,B,HLA:HLA03637 B*58:21 181 bp,614
HLA:HLA37651,DPB1,HLA:HLA37651 DPB1*1493:01:01:01 258 bp,615
HLA:HLA03823,B,HLA:HLA03823 B*42:11 181 bp,616
HLA:HLA26119,DQA2,HLA:HLA26119 DQA2*01:03 255 bp,617
HLA:HLA07356,A,HLA:HLA07356 A*01:103 273 bp,618
HLA:HLA34489,B,HLA:HLA34489 B*40:02:01:36 362 bp,619
HLA:HLA12392,DPB1,HLA:HLA12392 DPB1*388:01 87 bp,620
HLA:HLA06946,B,HLA:HLA06946 B*35:172 181 bp,621
HLA:HLA30093,A,HLA:HLA30093 A*02:974 365 bp,622
HLA:HLA37412,DPB1,HLA:HLA37412 DPB1*1485:01 258 bp,623
HLA:HLA31672,C,HLA:HLA31672 C*07:960 366 bp,624
HLA:HLA38363,G,HLA:HLA38363 G*01:01:02:12 338 bp,625
HLA:HLA25939,B,HLA:HLA25939 B*18:01:01:46 362 bp,626
HLA:HLA36359,DPB1,HLA:HLA36359 DPB1*02:01:02:80 258 bp,627
HLA:HLA29189,DRB1,HLA:HLA29189 DRB1*13:24:01:02 266 bp,628
HLA:HLA23662,A,HLA:HLA23662 A*03:01:80 365 bp,629
HLA:HLA06657,A,HLA:HLA06657 A*02:01:59 298 bp,630
HLA:HLA31558,DPB1,HLA:HLA31558 DPB1*1229:01 224 bp,631
HLA:HLA39776,DPB1,HLA:HLA39776 DPB1*104:01:01:15 258 bp,632
HLA:HLA04545,A,HLA:HLA04545 A*68:02:03 181 bp,633
HLA:HLA12397,DPB1,HLA:HLA12397 DPB1*392:01 87 bp,634
HLA:HLA36139,MICA,HLA:HLA36139 MICA*004:01:13 385 bp,635
HLA:HLA37580,A,HLA:HLA37580 A*03:02:07 365 bp,636
HLA:HLA23348,C,HLA:HLA23348 C*07:792 366 bp,637
HLA:HLA05991,A,HLA:HLA05991 A*02:285 181 bp,638
HLA:HLA15055,C,HLA:HLA15055 C*02:116 366 bp,639
HLA:HLA00421,C,HLA:HLA00421 C*04:01:02 181 bp,640
HLA:HLA17730,C,HLA:HLA17730 C*07:02:82 366 bp,641
HLA:HLA43428,DRB4,HLA:HLA43428 DRB4*01:200 266 bp,642
HLA:HLA00593,DPB1,HLA:HLA00593 DPB1*74:01 83 bp,643
HLA:HLA37963,TAP2,HLA:HLA37963 TAP2*01:05:01:06 686 bp,644
HLA:HLA38258,B,HLA:HLA38258 B*44:02:01:81 362 bp,645
HLA:HLA05360,A,HLA:HLA05360 A*02:258 181 bp,646
HLA:HLA11910,DPB1,HLA:HLA11910 DPB1*333:01 181 bp,647
HLA:HLA30118,A,HLA:HLA30118 A*11:01:01:59 365 bp,648
HLA:HLA42793,C,HLA:HLA42793 C*03:713 366 bp,649
HLA:HLA20886,B,HLA:HLA20886 B*55:96 273 bp,650
HLA:HLA18437,B,HLA:HLA18437 B*40:369 362 bp,651
HLA:HLA16653,A,HLA:HLA16653 A*01:01:01:10 365 bp,652
HLA:HLA11937,B,HLA:HLA11937 B*08:132 362 bp,653
HLA:HLA43210,DQB1,HLA:HLA43210 DQB1*02:256 261 bp,654
HLA:HLA29650,A,HLA:HLA29650 A*03:01:01:65 365 bp,655
HLA:HLA43678,A,HLA:HLA43678 A*26:03:05 365 bp,656
HLA:HLA24187,A,HLA:HLA24187 A*02:867 365 bp,657
HLA:HLA16684,B,HLA:HLA16684 B*44:03:01:05 362 bp,658
HLA:HLA24938,B,HLA:HLA24938 B*35:462 362 bp,659
HLA:HLA13781,A,HLA:HLA13781 A*31:101 365 bp,660
HLA:HLA35897,DRB1,HLA:HLA35897 DRB1*12:02:13 232 bp,661
HLA:HLA32179,B,HLA:HLA32179 B*57:145 362 bp,662
HLA:HLA23193,DPB1,HLA:HLA23193 DPB1*980:01 181 bp,663
HLA:HLA38913,DPB1,HLA:HLA38913 DPB1*03:01:30 258 bp,664
HLA:HLA06278,B,HLA:HLA06278 B*35:160 181 bp,665
HLA:HLA14964,A,HLA:HLA14964 A*29:87 365 bp,666
HLA:HLA39110,DPB1,HLA:HLA39110 DPB1*02:01:02:90 258 bp,667
HLA:HLA45004,B,HLA:HLA45004 B*41:96 362 bp,668
HLA:HLA11285,DQB1,HLA:HLA11285 DQB1*05:65 89 bp,669
HLA:HLA18895,A,HLA:HLA18895 A*23:01:22 365 bp,670
HLA:HLA23775,B,HLA:HLA23775 B*27:212N 266 bp,671
HLA:HLA05941,A,HLA:HLA05941 A*26:01:19 181 bp,672
HLA:HLA29908,B,HLA:HLA29908 B*44:509 362 bp,673
HLA:HLA02454,B,HLA:HLA02454 B*15:111N 185 bp,674
HLA:HLA23350,A,HLA:HLA23350 A*11:340N 98 bp,675
HLA:HLA23731,C,HLA:HLA23731 C*07:794 181 bp,676
HLA:HLA35611,DPB1,HLA:HLA35611 DPB1*1347:01 258 bp,677
HLA:HLA27291,B,HLA:HLA27291 B*18:01:01:51 362 bp,678
HLA:HLA30627,DQB1,HLA:HLA30627 DQB1*03:455 89 bp,679
HLA:HLA26645,MICB,HLA:HLA26645 MICB*002:01:15 383 bp,680
HLA:HLA21999,A,HLA:HLA21999 A*29:130 365 bp,681
HLA:HLA34262,DRB4,HLA:HLA34262 DRB4*01:157 232 bp,682
HLA:HLA03000,A,HLA:HLA03000 A*24:80 298 bp,683
HLA:HLA13287,DRB1,HLA:HLA13287 DRB1*11:02:04 89 bp,684
HLA:HLA23924,DQB1,HLA:HLA23924 DQB1*03:394 220 bp,685
HLA:HLA10384,A,HLA:HLA10384 A*24:02:73 181 bp,686
HLA:HLA21636,DQB1,HLA:HLA21636 DQB1*05:193 261 bp,687
HLA:HLA30308,C,HLA:HLA30308 C*02:02:02:55 366 bp,688
HLA:HLA16797,DRB3,HLA:HLA16797 DRB3*02:64 89 bp,689
HLA:HLA22692,B,HLA:HLA22692 B*15:518 362 bp,690
HLA:HLA11405,A,HLA:HLA11405 A*02:495 181 bp,691
HLA:HLA31527,B,HLA:HLA31527 B*07:435N 195 bp,692
HLA:HLA09939,A,HLA:HLA09939 A*26:02:02 273 bp,693
HLA:HLA27451,E,HLA:HLA27451 E*01:72:01:02 358 bp,694
HLA:HLA00007,A,HLA:HLA00007 A*02:02:01:01 365 bp,695
HLA:HLA17435,A,HLA:HLA17435 A*33:129N 220 bp,696
HLA:HLA09467,DRB1,HLA:HLA09467 DRB1*13:161 89 bp,697
HLA:HLA28701,DRB1,HLA:HLA28701 DRB1*13:01:01:08 266 bp,698
HLA:HLA29939,A,HLA:HLA29939 A*68:261 365 bp,699
HLA:HLA30824,C,HLA:HLA30824 C*17:01:17 372 bp,700
HLA:HLA17071,B,HLA:HLA17071 B*07:02:01:07 362 bp,701
HLA:HLA32824,A,HLA:HLA32824 A*26:01:01:51 365 bp,702
HLA:HLA38163,A,HLA:HLA38163 A*68:01:01:15 365 bp,703
HLA:HLA00826,DRB1,HLA:HLA00826 DRB1*13:28:01 89 bp,704
HLA:HLA43662,DQA1,HLA:HLA43662 DQA1*02:01:01:13 254 bp,705
HLA:HLA43080,DRB3,HLA:HLA43080 DRB3*03:81:01:01 266 bp,706
HLA:HLA15275,B,HLA:HLA15275 B*35:318 181 bp,707
HLA:HLA12624,A,HLA:HLA12624 A*68:126 181 bp,708
HLA:HLA34593,DPA1,HLA:HLA34593 DPA1*01:104 260 bp,709
HLA:HLA19417,A,HLA:HLA19417 A*31:01:02:10 365 bp,710
HLA:HLA16886,B,HLA:HLA16886 B*08:176 181 bp,711
HLA:HLA22254,B,HLA:HLA22254 B*40:425 362 bp,712
HLA:HLA38487,TAP2,HLA:HLA38487 TAP2*01:01:05:09 686 bp,713
HLA:HLA29380,DQA1,HLA:HLA29380 DQA1*01:57 255 bp,714
HLA:HLA03078,B,HLA:HLA03078 B*35:80 181 bp,715
HLA:HLA17018,C,HLA:HLA17018 C*15:140 181 bp,716
HLA:HLA16760,B,HLA:HLA16760 B*39:127 181 bp,717
HLA:HLA07760,C,HLA:HLA07760 C*15:02:08 273 bp,718
HLA:HLA07641,B,HLA:HLA07641 B*44:02:24 181 bp,719
HLA:HLA22533,C,HLA:HLA22533 C*15:192 273 bp,720
HLA:HLA31896,DPB1,HLA:HLA31896 DPB1*04:02:01:21 258 bp,721
HLA:HLA17950,DPB1,HLA:HLA17950 DPB1*681:01 181 bp,722
HLA:HLA02090,DRB1,HLA:HLA02090 DRB1*11:01:06 89 bp,723
HLA:HLA09861,DQB1,HLA:HLA09861 DQB1*04:15 183 bp,724
HLA:HLA25798,B,HLA:HLA25798 B*15:554 362 bp,725
HLA:HLA02335,B,HLA:HLA02335 B*55:01:04 362 bp,726
HLA:HLA43596,C,HLA:HLA43596 C*05:312 366 bp,727
HLA:HLA19359,DQB1,HLA:HLA19359 DQB1*06:277 89 bp,728
HLA:HLA02575,DRB1,HLA:HLA02575 DRB1*15:22 183 bp,729
HLA:HLA17713,DPB1,HLA:HLA17713 DPB1*669:01 258 bp,730
HLA:HLA10250,A,HLA:HLA10250 A*11:158 337 bp,731
HLA:HLA03109,DRB1,HLA:HLA03109 DRB1*14:32:02 89 bp,732
HLA:HLA03080,B,HLA:HLA03080 B*15:135 362 bp,733
HLA:HLA02376,B,HLA:HLA02376 B*15:108 362 bp,734
HLA:HLA07394,A,HLA:HLA07394 A*11:111 181 bp,735
HLA:HLA33756,DPA1,HLA:HLA33756 DPA1*03:01:01:09 260 bp,736
HLA:HLA12964,A,HLA:HLA12964 A*03:211 181 bp,737
HLA:HLA20866,B,HLA:HLA20866 B*38:80N 284 bp,738
HLA:HLA28099,C,HLA:HLA28099 C*07:877 366 bp,739
HLA:HLA25228,C,HLA:HLA25228 C*12:03:01:21 366 bp,740
HLA:HLA25411,A,HLA:HLA25411 A*02:01:01:117 365 bp,741
HLA:HLA08384,B,HLA:HLA08384 B*07:167N 143 bp,742
HLA:HLA16243,B,HLA:HLA16243 B*58:84 362 bp,743
HLA:HLA21471,B,HLA:HLA21471 B*44:327 362 bp,744
HLA:HLA23580,DPB1,HLA:HLA23580 DPB1*1005:01 181 bp,745
HLA:HLA22045,C,HLA:HLA22045 C*07:01:01:29 366 bp,746
HLA:HLA32434,B,HLA:HLA32434 B*07:447 362 bp,747
HLA:HLA36673,C,HLA:HLA36673 C*08:259 366 bp,748
HLA:HLA16438,A,HLA:HLA16438 A*26:140 273 bp,749
HLA:HLA12844,DPB1,HLA:HLA12844 DPB1*406:01 87 bp,750
HLA:HLA10386,A,HLA:HLA10386 A*01:145 181 bp,751
HLA:HLA19756,C,HLA:HLA19756 C*06:02:58 366 bp,752
HLA:HLA44646,DRA,HLA:HLA44646 DRA*01:19:01:02 254 bp,753
HLA:HLA31302,B,HLA:HLA31302 B*51:01:89 362 bp,754
HLA:HLA08041,B,HLA:HLA08041 B*08:89 181 bp,755
HLA:HLA16039,DRB1,HLA:HLA16039 DRB1*12:61 89 bp,756
HLA:HLA22396,B,HLA:HLA22396 B*40:423 362 bp,757
HLA:HLA26276,DRB1,HLA:HLA26276 DRB1*03:01:30 266 bp,758
HLA:HLA02013,DOB,HLA:HLA02013 DOB*01:01:03:01 273 bp,759
HLA:HLA04081,B,HLA:HLA04081 B*08:43 181 bp,760
HLA:HLA32928,C,HLA:HLA32928 C*04:03:01:03 366 bp,761
HLA:HLA20208,B,HLA:HLA20208 B*40:395 362 bp,762
HLA:HLA40453,A,HLA:HLA40453 A*01:01:01:118 365 bp,763
HLA:HLA28906,B,HLA:HLA28906 B*27:234 362 bp,764
HLA:HLA11184,DPB1,HLA:HLA11184 DPB1*226:01 87 bp,765
HLA:HLA38856,DQA1,HLA:HLA38856 DQA1*04:01:01:12 254 bp,766
HLA:HLA22058,C,HLA:HLA22058 C*12:02:26 366 bp,767
HLA:HLA33674,C,HLA:HLA33674 C*07:01:01:125 366 bp,768
HLA:HLA13714,DPB1,HLA:HLA13714 DPB1*461:01 224 bp,769
HLA:HLA30156,DPA1,HLA:HLA30156 DPA1*01:03:31 260 bp,770
HLA:HLA09266,DQB1,HLA:HLA09266 DQB1*06:61 89 bp,771
HLA:HLA35569,B,HLA:HLA35569 B*08:301 362 bp,772
HLA:HLA08245,A,HLA:HLA08245 A*29:42 273 bp,773
HLA:HLA37802,A,HLA:HLA37802 A*03:465 365 bp,774
HLA:HLA28054,B,HLA:HLA28054 B*57:01:43 362 bp,775
HLA:HLA33298,B,HLA:HLA33298 B*55:123 328 bp,776
HLA:HLA36923,DRB1,HLA:HLA36923 DRB1*04:359 232 bp,777
HLA:HLA11463,C,HLA:HLA11463 C*07:374 273 bp,778
HLA:HLA01459,DRB1,HLA:HLA01459 DRB1*04:41 89 bp,779
HLA:HLA39688,DPB1,HLA:HLA39688 DPB1*04:01:01:150 258 bp,780
HLA:HLA27651,E,HLA:HLA27651 E*01:06:05 358 bp,781
HLA:HLA44320,DRB1,HLA:HLA44320 DRB1*04:201:02 266 bp,782
HLA:HLA08739,C,HLA:HLA08739 C*08:71 181 bp,783
HLA:HLA39465,B,HLA:HLA39465 B*18:235 362 bp,784
HLA:HLA06376,B,HLA:HLA06376 B*35:161 273 bp,785
HLA:HLA18656,C,HLA:HLA18656 C*12:02:18 366 bp,786
HLA:HLA25303,A,HLA:HLA25303 A*02:01:01:73 365 bp,787
HLA:HLA33079,DRB1,HLA:HLA33079 DRB1*03:01:36 232 bp,788
HLA:HLA28464,MICB,HLA:HLA28464 MICB*002:01:22 383 bp,789
HLA:HLA20484,A,HLA:HLA20484 A*30:138 365 bp,790
HLA:HLA02086,C,HLA:HLA02086 C*04:01:03 366 bp,791
HLA:HLA11523,DPB1,HLA:HLA11523 DPB1*273:01 87 bp,792
HLA:HLA01981,B,HLA:HLA01981 B*48:09 298 bp,793
HLA:HLA01582,DRB1,HLA:HLA01582 DRB1*15:01:04 183 bp,794
HLA:HLA10373,A,HLA:HLA10373 A*31:80 181 bp,795
HLA:HLA31260,DRB1,HLA:HLA31260 DRB1*15:195 183 bp,796
HLA:HLA37977,A,HLA:HLA37977 A*02:01:213 365 bp,797
HLA:HLA19028,C,HLA:HLA19028 C*01:155 366 bp,798
HLA:HLA10238,DQB1,HLA:HLA10238 DQB1*05:46 261 bp,799
HLA:HLA00923,DRB5,HLA:HLA00923 DRB5*01:08:01N 203 bp,800
HLA:HLA40910,B,HLA:HLA40910 B*07:514 362 bp,801
HLA:HLA31590,DQA1,HLA:HLA31590 DQA1*05:43 226 bp,802
HLA:HLA01441,DPB1,HLA:HLA01441 DPB1*90:01:01 258 bp,803
HLA:HLA03383,DRB1,HLA:HLA03383 DRB1*15:30 89 bp,804
HLA:HLA33108,C,HLA:HLA33108 C*17:01:01:21 372 bp,805
HLA:HLA00185,B,HLA:HLA00185 B*35:43:01:01 362 bp,806
HLA:HLA15196,C,HLA:HLA15196 C*12:186 366 bp,807
HLA:HLA04160,B,HLA:HLA04160 B*37:19:01 181 bp,808
HLA:HLA30640,C,HLA:HLA30640 C*07:939 366 bp,809
HLA:HLA37595,A,HLA:HLA37595 A*31:01:53 365 bp,810
HLA:HLA22231,DQB1,HLA:HLA22231 DQB1*05:209 183 bp,811
HLA:HLA42804,DMB,HLA:HLA42804 DMB*01:01:01:61 263 bp,812
HLA:HLA33038,B,HLA:HLA33038 B*14:02:01:22 362 bp,813
HLA:HLA24862,C,HLA:HLA24862 C*07:02:01:58 366 bp,814
HLA:HLA02210,DRB1,HLA:HLA02210 DRB1*14:50:01 89 bp,815
HLA:HLA12995,B,HLA:HLA12995 B*44:216 181 bp,816
HLA:HLA33321,A,HLA:HLA33321 A*02:06:01:13 365 bp,817
HLA:HLA32770,B,HLA:HLA32770 B*38:96 362 bp,818
HLA:HLA18311,A,HLA:HLA18311 A*31:01:28 365 bp,819
HLA:HLA33096,C,HLA:HLA33096 C*05:264N 204 bp,820
HLA:HLA32498,A,HLA:HLA32498 A*02:1027 365 bp,821
HLA:HLA38459,TAP2,HLA:HLA38459 TAP2*01:05:02 686 bp,822
HLA:HLA43659,A,HLA:HLA43659 A*68:335 365 bp,823
HLA:HLA02375,C,HLA:HLA02375 C*03:11:02 366 bp,824
HLA:HLA21669,C,HLA:HLA21669 C*03:457 366 bp,825
HLA:HLA26232,MICA,HLA:HLA26232 MICA*008:01:06 333 bp,826
HLA:HLA42259,DPB1,HLA:HLA42259 DPB1*133:01:02 258 bp,827
HLA:HLA41689,DQB1,HLA:HLA41689 DQB1*04:104 261 bp,828
HLA:HLA08767,C,HLA:HLA08767 C*03:174 181 bp,829
HLA:HLA35476,B,HLA:HLA35476 B*51:01:01:108 362 bp,830
HLA:HLA13255,C,HLA:HLA13255 C*15:02:23 181 bp,831
HLA:HLA19838,C,HLA:HLA19838 C*02:146 366 bp,832
HLA:HLA19261,DPB1,HLA:HLA19261 DPB1*732:01N 123 bp,833
HLA:HLA15710,DRB3,HLA:HLA15710 DRB3*02:55N 78 bp,834
HLA:HLA38925,DQB1,HLA:HLA38925 DQB1*03:03:02:16 261 bp,835
HLA:HLA03794,A,HLA:HLA03794 A*02:01:26 181 bp,836
HLA:HLA10727,B,HLA:HLA10727 B*40:02:19 337 bp,837
HLA:HLA40277,B,HLA:HLA40277 B*53:01:01:15 362 bp,838
HLA:HLA06616,DQB1,HLA:HLA06616 DQB1*03:01:01:03 261 bp,839
HLA:HLA22287,C,HLA:HLA22287 C*08:180N 137 bp,840
HLA:HLA34818,DQB1,HLA:HLA34818 DQB1*06:02:01:24 261 bp,841
HLA:HLA22836,B,HLA:HLA22836 B*44:204:02 362 bp,842
HLA:HLA24594,C,HLA:HLA24594 C*07:822 366 bp,843
HLA:HLA25310,B,HLA:HLA25310 B*15:01:01:27 362 bp,844
HLA:HLA04144,A,HLA:HLA04144 A*26:01:12 181 bp,845
HLA:HLA34355,DRB1,HLA:HLA34355 DRB1*14:50:02 89 bp,846
HLA:HLA25286,A,HLA:HLA25286 A*11:352 365 bp,847
HLA:HLA12085,B,HLA:HLA12085 B*44:203:01 362 bp,848
HLA:HLA32095,B,HLA:HLA32095 B*51:40:02 362 bp,849
HLA:HLA11359,DQB1,HLA:HLA11359 DQB1*05:66:01 89 bp,850
HLA:HLA40855,DQA1,HLA:HLA40855 DQA1*02:45 226 bp,851
HLA:HLA22887,A,HLA:HLA22887 A*11:334 365 bp,852
HLA:HLA06016,A,HLA:HLA06016 A*02:288 181 bp,853
HLA:HLA30248,B,HLA:HLA30248 B*14:01:12 362 bp,854
HLA:HLA05605,C,HLA:HLA05605 C*03:95 181 bp,855
HLA:HLA30058,A,HLA:HLA30058 A*01:374 365 bp,856
HLA:HLA15244,A,HLA:HLA15244 A*24:348 181 bp,857
HLA:HLA07860,C,HLA:HLA07860 C*14:40 181 bp,858
HLA:HLA07482,C,HLA:HLA07482 C*07:224 181 bp,859
HLA:HLA20257,B,HLA:HLA20257 B*82:01:02 362 bp,860
HLA:HLA14414,DPB1,HLA:HLA14414 DPB1*519:01 258 bp,861
HLA:HLA00643,DQB1,HLA:HLA00643 DQB1*06:01:01:01 269 bp,862
HLA:HLA11846,C,HLA:HLA11846 C*12:126 181 bp,863
HLA:HLA29877,DRB1,HLA:HLA29877 DRB1*13:03:10 220 bp,864
HLA:HLA19399,B,HLA:HLA19399 B*08:01:40 362 bp,865
HLA:HLA00163,B,HLA:HLA00163 B*15:01:01:02N 69 bp,866
HLA:HLA06416,C,HLA:HLA06416 C*15:05:06 366 bp,867
HLA:HLA04136,A,HLA:HLA04136 A*66:11 181 bp,868
HLA:HLA18934,A,HLA:HLA18934 A*02:739 365 bp,869
HLA:HLA33818,C,HLA:HLA33818 C*06:02:01:90 366 bp,870
HLA:HLA31262,C,HLA:HLA31262 C*03:568 366 bp,871
HLA:HLA43397,A,HLA:HLA43397 A*03:514N 99 bp,872
HLA:HLA31453,DPB1,HLA:HLA31453 DPB1*04:01:58 258 bp,873
HLA:HLA10508,B,HLA:HLA10508 B*35:247:01 181 bp,874
HLA:HLA08297,B,HLA:HLA08297 B*55:57 337 bp,875
HLA:HLA26224,DQB1,HLA:HLA26224 DQB1*05:01:01:07 261 bp,876
HLA:HLA29721,A,HLA:HLA29721 A*29:153 365 bp,877
HLA:HLA39019,DRB4,HLA:HLA39019 DRB4*01:72:02 266 bp,878
HLA:HLA39987,B,HLA:HLA39987 B*15:687 362 bp,879
HLA:HLA26399,A,HLA:HLA26399 A*03:385 365 bp,880
HLA:HLA44449,B,HLA:HLA44449 B*35:656 362 bp,881
HLA:HLA19714,B,HLA:HLA19714 B*56:60 362 bp,882
HLA:HLA27350,E,HLA:HLA27350 E*01:22 358 bp,883
HLA:HLA32947,C,HLA:HLA32947 C*04:01:01:154 366 bp,884
HLA:HLA24357,C,HLA:HLA24357 C*08:02:01:12 366 bp,885
HLA:HLA19370,A,HLA:HLA19370 A*11:54:02 181 bp,886
HLA:HLA07069,C,HLA:HLA07069 C*06:67 181 bp,887
HLA:HLA28302,DRB1,HLA:HLA28302 DRB1*11:02:07 266 bp,888
HLA:HLA18965,OTHER,HLA:HLA18965 MICB*033 273 bp,889
HLA:HLA23799,A,HLA:HLA23799 A*30:156 365 bp,890
HLA:HLA21288,C,HLA:HLA21288 C*07:18:01:03 366 bp,891
HLA:HLA19389,B,HLA:HLA19389 B*15:453 362 bp,892
HLA:HLA06830,B,HLA:HLA06830 B*38:32 181 bp,893
HLA:HLA18936,A,HLA:HLA18936 A*03:302 365 bp,894
HLA:HLA42660,A,HLA:HLA42660 A*31:239 365 bp,895
HLA:HLA22736,C,HLA:HLA22736 C*07:778 366 bp,896
HLA:HLA09363,DQB1,HLA:HLA09363 DQB1*06:69:01 89 bp,897
HLA:HLA07762,B,HLA:HLA07762 B*40:193 273 bp,898
HLA:HLA25946,DQB1,HLA:HLA25946 DQB1*03:409 220 bp,899
HLA:HLA35748,OTHER,HLA:HLA35748 MICA*205 385 bp,900
HLA:HLA28888,C,HLA:HLA28888 C*07:02:125 366 bp,901
HLA:HLA37570,B,HLA:HLA37570 B*18:01:54 362 bp,902
HLA:HLA18961,DPB1,HLA:HLA18961 DPB1*02:01:29 181 bp,903
HLA:HLA43869,DPA1,HLA:HLA43869 DPA1*02:01:01:49 260 bp,904
HLA:HLA44689,B,HLA:HLA44689 B*27:301 362 bp,905
HLA:HLA24228,DRB4,HLA:HLA24228 DRB4*01:109 89 bp,906
HLA:HLA18150,B,HLA:HLA18150 B*44:278 362 bp,907
HLA:HLA36453,DRB4,HLA:HLA36453 DRB4*01:166 232 bp,908
HLA:HLA32677,A,HLA:HLA32677 A*24:02:01:115 365 bp,909
HLA:HLA04517,B,HLA:HLA04517 B*53:08:02 181 bp,910
HLA:HLA14975,B,HLA:HLA14975 B*15:391 181 bp,911
HLA:HLA42080,DMA,HLA:HLA42080 DMA*01:01:03 261 bp,912
HLA:HLA30817,A,HLA:HLA30817 A*24:537 365 bp,913
HLA:HLA23674,DRB1,HLA:HLA23674 DRB1*04:04:16 183 bp,914
HLA:HLA42841,DPB1,HLA:HLA42841 DPB1*1782:01 258 bp,915
HLA:HLA16834,B,HLA:HLA16834 B*40:353:01:01 362 bp,916
HLA:HLA01897,B,HLA:HLA01897 B*35:51:01 362 bp,917
HLA:HLA08766,C,HLA:HLA08766 C*03:173 181 bp,918
HLA:HLA16587,DRB3,HLA:HLA16587 DRB3*02:60 89 bp,919
HLA:HLA27861,C,HLA:HLA27861 C*04:01:126 366 bp,920
HLA:HLA36059,B,HLA:HLA36059 B*48:01:12 362 bp,921
HLA:HLA15563,DQA1,HLA:HLA15563 DQA1*05:05:01:08 254 bp,922
HLA:HLA00606,DQA1,HLA:HLA00606 DQA1*01:05:01:01 255 bp,923
HLA:HLA39311,B,HLA:HLA39311 B*44:387 362 bp,924
HLA:HLA11188,DPB1,HLA:HLA11188 DPB1*230:01 87 bp,925
HLA:HLA24872,B,HLA:HLA24872 B*07:02:01:44 362 bp,926
HLA:HLA19322,DPA1,HLA:HLA19322 DPA1*02:01:01:06 260 bp,927
HLA:HLA08930,A,HLA:HLA08930 A*11:134 337 bp,928
HLA:HLA14133,A,HLA:HLA14133 A*02:592 181 bp,929
HLA:HLA38810,A,HLA:HLA38810 A*32:180 365 bp,930
HLA:HLA10956,A,HLA:HLA10956 A*33:86 181 bp,931
HLA:HLA24735,C,HLA:HLA24735 C*07:02:01:62 366 bp,932
HLA:HLA01165,DRB3,HLA:HLA01165 DRB3*02:11 237 bp,933
HLA:HLA18764,DRB1,HLA:HLA18764 DRB1*13:254 183 bp,934
HLA:HLA43005,C,HLA:HLA43005 C*06:403 366 bp,935
HLA:HLA22806,B,HLA:HLA22806 B*44:02:01:22 362 bp,936
HLA:HLA27517,DPA1,HLA:HLA27517 DPA1*01:03:01:38 260 bp,937
HLA:HLA22716,DQB1,HLA:HLA22716 DQB1*03:02:01:08 261 bp,938
HLA:HLA33746,B,HLA:HLA33746 B*35:03:01:31 362 bp,939
HLA:HLA17056,DPB1,HLA:HLA17056 DPB1*646:01 87 bp,940
HLA:HLA05041,A,HLA:HLA05041 A*02:235 181 bp,941
HLA:HLA23548,A,HLA:HLA23548 A*30:158N 180 bp,942
HLA:HLA14013,B,HLA:HLA14013 B*15:17:05 181 bp,943
HLA:HLA27316,MICB,HLA:HLA27316 MICB*021:01:03N 89 bp,944
HLA:HLA18737,B,HLA:HLA18737 B*35:02:09 362 bp,945
HLA:HLA00139,B,HLA:HLA00139 B*07:07:01:01 362 bp,946
HLA:HLA19974,B,HLA:HLA19974 B*13:120 362 bp,947
HLA:HLA40793,B,HLA:HLA40793 B*07:513 362 bp,948
HLA:HLA09383,DQB1,HLA:HLA09383 DQB1*06:82 89 bp,949
HLA:HLA26390,C,HLA:HLA26390 C*07:838 366 bp,950
HLA:HLA16848,DRB1,HLA:HLA16848 DRB1*03:01:26 266 bp,951
HLA:HLA03246,A,HLA:HLA03246 A*33:15 273 bp,952
HLA:HLA07411,DQB1,HLA:HLA07411 DQB1*03:39 183 bp,953
HLA:HLA21523,B,HLA:HLA21523 B*44:328N 79 bp,954
HLA:HLA19383,DQB1,HLA:HLA19383 DQB1*03:284 261 bp,955
HLA:HLA09380,DQB1,HLA:HLA09380 DQB1*06:80 89 bp,956
HLA:HLA22097,B,HLA:HLA22097 B*52:01:37 362 bp,957
HLA:HLA44972,C,HLA:HLA44972 C*16:01:53 366 bp,958
HLA:HLA25879,DRA,HLA:HLA25879 DRA*01:02:02:12 254 bp,959
HLA:HLA23201,A,HLA:HLA23201 A*03:360 365 bp,960
HLA:HLA25900,A,HLA:HLA25900 A*02:03:10 365 bp,961
HLA:HLA39997,A,HLA:HLA39997 A*01:458 365 bp,962
HLA:HLA33297,C,HLA:HLA33297 C*12:03:01:50 366 bp,963
HLA:HLA26838,A,HLA:HLA26838 A*32:138 365 bp,964
HLA:HLA42928,DPB1,HLA:HLA42928 DPB1*1788:01 258 bp,965
HLA:HLA14998,DPB1,HLA:HLA14998 DPB1*551:01N 54 bp,966
HLA:HLA10203,A,HLA:HLA10203 A*11:154 337 bp,967
HLA:HLA27599,C,HLA:HLA27599 C*03:04:01:49 366 bp,968
HLA:HLA09367,DQB1,HLA:HLA09367 DQB1*06:71 89 bp,969
HLA:HLA07054,C,HLA:HLA07054 C*16:40 181 bp,970
HLA:HLA21322,B,HLA:HLA21322 B*45:24 362 bp,971
HLA:HLA37223,B,HLA:HLA37223 B*13:01:22 362 bp,972
HLA:HLA44496,DPB1,HLA:HLA44496 DPB1*04:01:01:170 258 bp,973
HLA:HLA26400,A,HLA:HLA26400 A*26:01:01:29 365 bp,974
HLA:HLA22946,B,HLA:HLA22946 B*07:360Q 362 bp,975
HLA:HLA35467,DPB1,HLA:HLA35467 DPB1*1358:01 224 bp,976
HLA:HLA44146,A,HLA:HLA44146 A*11:01:01:96 365 bp,977
HLA:HLA35137,DPB1,HLA:HLA35137 DPB1*1346:01 258 bp,978
HLA:HLA05772,DQB1,HLA:HLA05772 DQB1*05:07 183 bp,979
HLA:HLA44987,B,HLA:HLA44987 B*44:558 362 bp,980
HLA:HLA27454,A,HLA:HLA27454 A*66:43 365 bp,981
HLA:HLA35969,B,HLA:HLA35969 B*56:88 362 bp,982
HLA:HLA11991,A,HLA:HLA11991 A*01:01:66 273 bp,983
HLA:HLA15632,DQA1,HLA:HLA15632 DQA1*01:14 255 bp,984
HLA:HLA18845,DPB1,HLA:HLA18845 DPB1*04:01:01:27 258 bp,985
HLA:HLA13868,C,HLA:HLA13868 C*06:165 181 bp,986
HLA:HLA13371,B,HLA:HLA13371 B*15:358 273 bp,987
HLA:HLA15426,C,HLA:HLA15426 C*05:01:33 366 bp,988
HLA:HLA43054,DPA1,HLA:HLA43054 DPA1*02:153 260 bp,989
HLA:HLA08731,C,HLA:HLA08731 C*08:69 181 bp,990
HLA:HLA32630,B,HLA:HLA32630 B*18:01:01:63 362 bp,991
HLA:HLA20692,C,HLA:HLA20692 C*06:247 366 bp,992
HLA:HLA12713,C,HLA:HLA12713 C*07:04:10 338 bp,993
HLA:HLA08662,B,HLA:HLA08662 B*27:99 181 bp,994
HLA:HLA30402,A,HLA:HLA30402 A*11:393 365 bp,995
HLA:HLA42008,DQB1,HLA:HLA42008 DQB1*05:353 261 bp,996
HLA:HLA33830,B,HLA:HLA33830 B*58:135 362 bp,997
HLA:HLA22205,C,HLA:HLA22205 C*07:744 366 bp,998
HLA:HLA43600,C,HLA:HLA43600 C*03:720 366 bp,999
HLA:HLA19379,C,HLA:HLA19379 C*07:01:01:25 366 bp,1000
HLA:HLA33184,C,HLA:HLA33184 C*03:03:01:62 366 bp,1001
HLA:HLA14081,B,HLA:HLA14081 B*08:26:03 362 bp,1002
HLA:HLA21017,C,HLA:HLA21017 C*02:02:02:19 366 bp,1003
HLA:HLA10757,B,HLA:HLA10757 B*51:166 337 bp,1004
HLA:HLA40724,E,HLA:HLA40724 E*01:01:01:57 358 bp,1005
HLA:HLA24218,C,HLA:HLA24218 C*03:04:78 366 bp,1006
HLA:HLA18399,C,HLA:HLA18399 C*12:228 366 bp,1007
HLA:HLA20924,B,HLA:HLA20924 B*52:01:36 362 bp,1008
HLA:HLA16075,A,HLA:HLA16075 A*01:218 365 bp,1009
HLA:HLA39083,DRB1,HLA:HLA39083 DRB1*13:350 232 bp,1010
HLA:HLA22118,DQB1,HLA:HLA22118 DQB1*06:317N 228 bp,1011
HLA:HLA26670,E,HLA:HLA26670 E*01:03:02:10 358 bp,1012
HLA:HLA39547,B,HLA:HLA39547 B*18:01:01:88 362 bp,1013
HLA:HLA35697,C,HLA:HLA35697 C*07:1031 366 bp,1014
HLA:HLA19964,C,HLA:HLA19964 C*01:165 366 bp,1015
HLA:HLA04428,A,HLA:HLA04428 A*02:01:35 181 bp,1016
HLA:HLA24939,A,HLA:HLA24939 A*02:01:01:122 365 bp,1017
HLA:HLA26431,OTHER,HLA:HLA26431 MICA*095 346 bp,1018
HLA:HLA19357,C,HLA:HLA19357 C*07:02:92 340 bp,1019
HLA:HLA02124,A,HLA:HLA02124 A*11:23 365 bp,1020
HLA:HLA31886,B,HLA:HLA31886 B*08:281:01 362 bp,1021
HLA:HLA12015,B,HLA:HLA12015 B*51:178N 57 bp,1022
HLA:HLA16394,DPB1,HLA:HLA16394 DPB1*622:01 87 bp,1023
HLA:HLA01786,DRB1,HLA:HLA01786 DRB1*07:08 89 bp,1024
HLA:HLA29422,C,HLA:HLA29422 C*12:02:02:12 366 bp,1025
HLA:HLA35078,C,HLA:HLA35078 C*04:482 366 bp,1026
HLA:HLA02477,B,HLA:HLA02477 B*38:01:02 362 bp,1027
HLA:HLA07844,C,HLA:HLA07844 C*07:02:33 181 bp,1028
HLA:HLA30770,A,HLA:HLA30770 A*23:17:03 365 bp,1029
HLA:HLA09764,DRB1,HLA:HLA09764 DRB1*11:01:19 89 bp,1030
HLA:HLA22760,B,HLA:HLA22760 B*35:436 362 bp,1031
HLA:HLA39917,A,HLA:HLA39917 A*29:02:01:40 365 bp,1032
HLA:HLA36759,B,HLA:HLA36759 B*13:175 362 bp,1033
HLA:HLA43411,DRB1,HLA:HLA43411 DRB1*13:02:23 232 bp,1034
HLA:HLA19851,C,HLA:HLA19851 C*05:178:01:01 366 bp,1035
HLA:HLA01513,DRB1,HLA:HLA01513 DRB1*09:02:01 89 bp,1036
HLA:HLA01490,B,HLA:HLA01490 B*40:38 362 bp,1037
HLA:HLA44676,E,HLA:HLA44676 E*01:03:43 358 bp,1038
HLA:HLA10005,C,HLA:HLA10005 C*07:02:47 273 bp,1039
HLA:HLA13049,B,HLA:HLA13049 B*15:01:39 273 bp,1040
HLA:HLA06594,DQA1,HLA:HLA06594 DQA1*01:02:01:03 255 bp,1041
HLA:HLA36716,OTHER,HLA:HLA36716 MICB*051 383 bp,1042
HLA:HLA42997,A,HLA:HLA42997 A*03:509 365 bp,1043
HLA:HLA20089,B,HLA:HLA20089 B*57:108 362 bp,1044
HLA:HLA07813,E,HLA:HLA07813 E*01:03:05:01 358 bp,1045
HLA:HLA22901,B,HLA:HLA22901 B*15:01:56 362 bp,1046
HLA:HLA12831,DRB1,HLA:HLA12831 DRB1*13:196 89 bp,1047
HLA:HLA43140,DPA1,HLA:HLA43140 DPA1*01:233 226 bp,1048
HLA:HLA12117,A,HLA:HLA12117 A*02:01:111 365 bp,1049
HLA:HLA29348,DRB1,HLA:HLA29348 DRB1*13:20:01:03 266 bp,1050
HLA:HLA05255,B,HLA:HLA05255 B*13:01:05 337 bp,1051
HLA:HLA04592,C,HLA:HLA04592 C*12:30 181 bp,1052
HLA:HLA45193,B,HLA:HLA45193 B*18:205:02 362 bp,1053
HLA:HLA42122,MICB,HLA:HLA42122 MICB*004:01:32 383 bp,1054
HLA:HLA16337,B,HLA:HLA16337 B*35:131:02 362 bp,1055
HLA:HLA34892,DRB1,HLA:HLA34892 DRB1*15:208 220 bp,1056
HLA:HLA21231,DPB1,HLA:HLA21231 DPB1*889:01 181 bp,1057
HLA:HLA31914,B,HLA:HLA31914 B*35:530 362 bp,1058
HLA:HLA19778,DRB1,HLA:HLA19778 DRB1*04:01:20 183 bp,1059
HLA:HLA20373,C,HLA:HLA20373 C*03:04:65 366 bp,1060
HLA:HLA24234,C,HLA:HLA24234 C*03:03:57 366 bp,1061
HLA:HLA14487,A,HLA:HLA14487 A*24:334 181 bp,1062
HLA:HLA43092,DRB3,HLA:HLA43092 DRB3*03:01:01:10 266 bp,1063
HLA:HLA12751,B,HLA:HLA12751 B*35:277 181 bp,1064
HLA:HLA03780,B,HLA:HLA03780 B*40:98 273 bp,1065
HLA:HLA19488,B,HLA:HLA19488 B*15:01:44 362 bp,1066
HLA:HLA26788,DQB1,HLA:HLA26788 DQB1*05:246 257 bp,1067
HLA:HLA36768,DQB1,HLA:HLA36768 DQB1*06:03:01:19 261 bp,1068
HLA:HLA17116,DPB1,HLA:HLA17116 DPB1*04:01:01:06 258 bp,1069
HLA:HLA27294,B,HLA:HLA27294 B*44:03:01:34 362 bp,1070
HLA:HLA42486,B,HLA:HLA42486 B*15:11:01:02 362 bp,1071
HLA:HLA11415,B,HLA:HLA11415 B*49:29 181 bp,1072
HLA:HLA30390,A,HLA:HLA30390 A*02:970 365 bp,1073
HLA:HLA06542,A,HLA:HLA06542 A*26:67 181 bp,1074
HLA:HLA15120,C,HLA:HLA15120 C*07:04:11 366 bp,1075
HLA:HLA37321,C,HLA:HLA37321 C*02:220 366 bp,1076
HLA:HLA22420,F,HLA:HLA22420 F*01:04:01:02 346 bp,1077
HLA:HLA13509,B,HLA:HLA13509 B*40:307 362 bp,1078
HLA:HLA04050,B,HLA:HLA04050 B*39:01:09 181 bp,1079
HLA:HLA37620,A,HLA:HLA37620 A*03:350:02 362 bp,1080
HLA:HLA03044,DRB1,HLA:HLA03044 DRB1*14:73 89 bp,1081
HLA:HLA20711,C,HLA:HLA20711 C*02:162 366 bp,1082
HLA:HLA06802,A,HLA:HLA06802 A*01:100 181 bp,1083
HLA:HLA36011,DRB1,HLA:HLA36011 DRB1*04:05:01:10 266 bp,1084
HLA:HLA34974,DQB1,HLA:HLA34974 DQB1*05:301 224 bp,1085
HLA:HLA08652,A,HLA:HLA08652 A*02:01:86 181 bp,1086
HLA:HLA02506,B,HLA:HLA02506 B*35:08:02 362 bp,1087
HLA:HLA23722,C,HLA:HLA23722 C*04:382Q 181 bp,1088
HLA:HLA21377,B,HLA:HLA21377 B*44:333N 220 bp,1089
HLA:HLA22428,A,HLA:HLA22428 A*30:150 365 bp,1090
HLA:HLA23514,B,HLA:HLA23514 B*08:01:49 362 bp,1091
HLA:HLA12003,B,HLA:HLA12003 B*44:200 181 bp,1092
HLA:HLA32638,A,HLA:HLA32638 A*30:01:01:17 365 bp,1093
HLA:HLA29050,B,HLA:HLA29050 B*27:02:01:06 362 bp,1094
HLA:HLA10245,DQB1,HLA:HLA10245 DQB1*06:115 261 bp,1095
HLA:HLA34730,A,HLA:HLA34730 A*02:131:03 365 bp,1096
HLA:HLA09546,A,HLA:HLA09546 A*03:01:43 273 bp,1097
HLA:HLA03215,B,HLA:HLA03215 B*15:01:08 181 bp,1098
HLA:HLA36080,C,HLA:HLA36080 C*07:1039N 220 bp,1099
HLA:HLA20853,C,HLA:HLA20853 C*03:429 366 bp,1100
HLA:HLA13901,DPB1,HLA:HLA13901 DPB1*475:01 87 bp,1101
HLA:HLA36246,A,HLA:HLA36246 A*24:582 365 bp,1102
HLA:HLA14913,A,HLA:HLA14913 A*24:338 181 bp,1103
HLA:HLA44100,A,HLA:HLA44100 A*11:01:138 365 bp,1104
HLA:HLA30062,A,HLA:HLA30062 A*31:192 365 bp,1105
HLA:HLA14442,B,HLA:HLA14442 B*15:378 181 bp,1106
HLA:HLA32621,B,HLA:HLA32621 B*35:541 362 bp,1107
HLA:HLA29965,C,HLA:HLA29965 C*03:555 366 bp,1108
HLA:HLA01851,C,HLA:HLA01851 C*04:13:01:01 366 bp,1109
HLA:HLA28456,MICB,HLA:HLA28456 MICB*004:01:09 383 bp,1110
HLA:HLA32693,A,HLA:HLA32693 A*33:01:01:12 365 bp,1111
HLA:HLA16402,A,HLA:HLA16402 A*02:01:01:14 365 bp,1112
HLA:HLA34552,B,HLA:HLA34552 B*07:02:95 362 bp,1113
HLA:HLA04239,B,HLA:HLA04239 B*50:09 181 bp,1114
HLA:HLA08074,B,HLA:HLA08074 B*15:252 181 bp,1115
HLA:HLA09238,DQB1,HLA:HLA09238 DQB1*03:59 89 bp,1116
HLA:HLA24507,C,HLA:HLA24507 C*04:01:01:52 366 bp,1117
HLA:HLA01111,A,HLA:HLA01111 A*23:05 365 bp,1118
HLA:HLA08521,B,HLA:HLA08521 B*07:172:01 181 bp,1119
HLA:HLA23519,A,HLA:HLA23519 A*24:459:01 365 bp,1120
HLA:HLA20772,DPB1,HLA:HLA20772 DPB1*416:01:02 258 bp,1121
HLA:HLA11274,DQB1,HLA:HLA11274 DQB1*03:128 89 bp,1122
HLA:HLA13038,C,HLA:HLA13038 C*07:01:48 181 bp,1123
HLA:HLA33309,A,HLA:HLA33309 A*11:01:01:76 365 bp,1124
HLA:HLA31305,DPA1,HLA:HLA31305 DPA1*01:65 226 bp,1125
HLA:HLA24321,A,HLA:HLA24321 A*01:316 365 bp,1126
HLA:HLA32691,B,HLA:HLA32691 B*13:02:01:20 362 bp,1127
HLA:HLA03093,B,HLA:HLA03093 B*15:138 273 bp,1128
HLA:HLA19394,B,HLA:HLA19394 B*50:56 362 bp,1129
HLA:HLA32983,B,HLA:HLA32983 B*07:02:01:91 362 bp,1130
HLA:HLA19557,C,HLA:HLA19557 C*02:143 366 bp,1131
HLA:HLA17120,DPB1,HLA:HLA17120 DPB1*04:02:01:04 258 bp,1132
HLA:HLA15757,B,HLA:HLA15757 B*53:44 273 bp,1133
HLA:HLA10972,A,HLA:HLA10972 A*25:25 181 bp,1134
HLA:HLA08139,B,HLA:HLA08139 B*39:01:13 181 bp,1135
HLA:HLA22451,C,HLA:HLA22451 C*12:281 366 bp,1136
HLA:HLA21534,B,HLA:HLA21534 B*35:413 362 bp,1137
HLA:HLA21435,A,HLA:HLA21435 A*03:331 365 bp,1138
HLA:HLA28788,DQB1,HLA:HLA28788 DQB1*06:03:40 257 bp,1139
HLA:HLA17509,C,HLA:HLA17509 C*08:153 366 bp,1140
HLA:HLA02481,A,HLA:HLA02481 A*02:95 365 bp,1141
HLA:HLA12936,A,HLA:HLA12936 A*68:129 181 bp,1142
HLA:HLA28576,DPA1,HLA:HLA28576 DPA1*01:03:24 260 bp,1143
HLA:HLA37544,C,HLA:HLA37544 C*04:01:01:174 366 bp,1144
HLA:HLA43317,A,HLA:HLA43317 A*26:59:02 365 bp,1145
HLA:HLA04287,C,HLA:HLA04287 C*03:02:05 181 bp,1146
HLA:HLA42099,DOA,HLA:HLA42099 DOA*01:01:03:07 250 bp,1147
HLA:HLA02679,B,HLA:HLA02679 B*54:09 181 bp,1148
HLA:HLA12766,C,HLA:HLA12766 C*06:02:43 181 bp,1149
HLA:HLA32516,B,HLA:HLA32516 B*08:290 362 bp,1150
HLA:HLA21055,DRB1,HLA:HLA21055 DRB1*11:239 183 bp,1151
HLA:HLA29787,DQA1,HLA:HLA29787 DQA1*05:31 254 bp,1152
HLA:HLA34992,DPB1,HLA:HLA34992 DPB1*04:01:01:88 258 bp,1153
HLA:HLA08571,A,HLA:HLA08571 A*03:159 273 bp,1154
HLA:HLA42640,B,HLA:HLA42640 B*35:08:01:14 362 bp,1155
HLA:HLA02451,DPB1,HLA:HLA02451 DPB1*114:01 87 bp,1156
HLA:HLA28810,DQB1,HLA:HLA28810 DQB1*06:84:01:02 261 bp,1157
HLA:HLA42404,DRB1,HLA:HLA42404 DRB1*12:116 266 bp,1158
HLA:HLA08125,B,HLA:HLA08125 B*44:126:02 273 bp,1159
HLA:HLA20307,C,HLA:HLA20307 C*07:127:02 366 bp,1160
HLA:HLA37746,A,HLA:HLA37746 A*02:1112 365 bp,1161
HLA:HLA23451,DRB1,HLA:HLA23451 DRB1*13:01:27 183 bp,1162
HLA:HLA00607,DQA1,HLA:HLA00607 DQA1*02:01:01:01 254 bp,1163
HLA:HLA26011,B,HLA:HLA26011 B*39:01:31 362 bp,1164
HLA:HLA26331,DRB3,HLA:HLA26331 DRB3*02:136 89 bp,1165
HLA:HLA35980,A,HLA:HLA35980 A*03:450 365 bp,1166
HLA:HLA36254,DQB1,HLA:HLA36254 DQB1*03:01:01:48 261 bp,1167
HLA:HLA10509,C,HLA:HLA10509 C*03:223 181 bp,1168
HLA:HLA37019,C,HLA:HLA37019 C*03:631 366 bp,1169
HLA:HLA27043,B,HLA:HLA27043 B*44:03:01:33 362 bp,1170
HLA:HLA07311,DRB1,HLA:HLA07311 DRB1*03:75 89 bp,1171
HLA:HLA30526,A,HLA:HLA30526 A*11:399 273 bp,1172
HLA:HLA00830,DRB1,HLA:HLA00830 DRB1*13:32 89 bp,1173
HLA:HLA34151,DQA1,HLA:HLA34151 DQA1*01:04:05 255 bp,1174
HLA:HLA09021,C,HLA:HLA09021 C*07:299 181 bp,1175
HLA:HLA41594,DPB1,HLA:HLA41594 DPB1*1704:01 258 bp,1176
HLA:HLA23864,B,HLA:HLA23864 B*14:81 362 bp,1177
HLA:HLA04307,C,HLA:HLA04307 C*06:28 181 bp,1178
HLA:HLA04137,A,HLA:HLA04137 A*01:45 273 bp,1179
HLA:HLA09547,A,HLA:HLA09547 A*30:02:12 298 bp,1180
HLA:HLA14893,A,HLA:HLA14893 A*30:99 365 bp,1181
HLA:HLA36044,A,HLA:HLA36044 A*11:432N 183 bp,1182
HLA:HLA15880,DQB1,HLA:HLA15880 DQB1*05:131 89 bp,1183
HLA:HLA39112,C,HLA:HLA39112 C*04:01:157 366 bp,1184
HLA:HLA41790,F,HLA:HLA41790 F*01:01:01:57 346 bp,1185
HLA:HLA40783,DRB4,HLA:HLA40783 DRB4*01:183 266 bp,1186
HLA:HLA23909,DRB3,HLA:HLA23909 DRB3*03:36 183 bp,1187
HLA:HLA00041,A,HLA:HLA00041 A*03:03N 363 bp,1188
HLA:HLA17342,DRB1,HLA:HLA17342 DRB1*11:01:29 220 bp,1189
HLA:HLA08481,A,HLA:HLA08481 A*11:130 181 bp,1190
HLA:HLA02571,DRB1,HLA:HLA02571 DRB1*15:20 89 bp,1191
HLA:HLA15617,DQB1,HLA:HLA15617 DQB1*02:02:03 183 bp,1192
HLA:HLA00342,B,HLA:HLA00342 B*50:02:01:01 362 bp,1193
HLA:HLA16828,C,HLA:HLA16828 C*02:129 366 bp,1194
HLA:HLA12325,C,HLA:HLA12325 C*07:396 366 bp,1195
HLA:HLA26436,MICA,HLA:HLA26436 MICA*008:04:02 333 bp,1196
HLA:HLA32769,C,HLA:HLA32769 C*06:02:01:63 366 bp,1197
HLA:HLA33295,DQA1,HLA:HLA33295 DQA1*01:04:04 255 bp,1198
HLA:HLA33420,C,HLA:HLA33420 C*07:01:01:106 366 bp,1199
HLA:HLA34738,DOB,HLA:HLA34738 DOB*01:06 273 bp,1200
HLA:HLA44440,DQB1,HLA:HLA44440 DQB1*03:02:01:31 261 bp,1201
HLA:HLA05259,B,HLA:HLA05259 B*15:194 362 bp,1202
HLA:HLA44713,C,HLA:HLA44713 C*03:732 366 bp,1203
HLA:HLA37702,DPA1,HLA:HLA37702 DPA1*01:03:50 260 bp,1204
HLA:HLA05982,DRB1,HLA:HLA05982 DRB1*13:110 89 bp,1205
HLA:HLA24718,A,HLA:HLA24718 A*23:01:01:12 365 bp,1206
HLA:HLA40409,MICA,HLA:HLA40409 MICA*002:01:25 388 bp,1207
HLA:HLA01943,A,HLA:HLA01943 A*30:02:02 298 bp,1208
HLA:HLA44833,DQA1,HLA:HLA44833 DQA1*03:90 255 bp,1209
HLA:HLA13224,A,HLA:HLA13224 A*24:304 273 bp,1210
HLA:HLA05495,B,HLA:HLA05495 B*51:100 181 bp,1211
HLA:HLA19896,C,HLA:HLA19896 C*06:225 366 bp,1212
HLA:HLA37263,A,HLA:HLA37263 A*25:85 365 bp,1213
HLA:HLA00774,DRB1,HLA:HLA00774 DRB1*11:20 89 bp,1214
HLA:HLA05754,C,HLA:HLA05754 C*01:43 273 bp,1215
HLA:HLA43158,B,HLA:HLA43158 B*08:335 362 bp,1216
HLA:HLA08171,C,HLA:HLA08171 C*04:120 181 bp,1217
HLA:HLA12849,DPB1,HLA:HLA12849 DPB1*407:01 87 bp,1218
HLA:HLA34040,A,HLA:HLA34040 A*02:1049 365 bp,1219
HLA:HLA23648,B,HLA:HLA23648 B*46:01:26 273 bp,1220
HLA:HLA04631,C,HLA:HLA04631 C*17:01:03 181 bp,1221
HLA:HLA39214,DPB1,HLA:HLA39214 DPB1*112:01:01:02 258 bp,1222
HLA:HLA02278,F,HLA:HLA02278 F*01:01:01:12 346 bp,1223
HLA:HLA20937,DRB3,HLA:HLA20937 DRB3*01:50 89 bp,1224
HLA:HLA04283,C,HLA:HLA04283 C*03:76 181 bp,1225
HLA:HLA13777,MICB,HLA:HLA13777 MICB*031:01:01 383 bp,1226
HLA:HLA14266,DRB1,HLA:HLA14266 DRB1*14:169 89 bp,1227
HLA:HLA17719,DPB1,HLA:HLA17719 DPB1*674:01 258 bp,1228
HLA:HLA39842,C,HLA:HLA39842 C*07:1075:02 366 bp,1229
HLA:HLA07362,DRB1,HLA:HLA07362 DRB1*03:77 89 bp,1230
HLA:HLA11540,DPB1,HLA:HLA11540 DPB1*257:01 224 bp,1231
HLA:HLA41797,DQB1,HLA:HLA41797 DQB1*03:567 261 bp,1232
HLA:HLA29690,A,HLA:HLA29690 A*11:384 181 bp,1233
HLA:HLA38094,A,HLA:HLA38094 A*24:03:05 365 bp,1234
HLA:HLA11825,B,HLA:HLA11825 B*44:198N 117 bp,1235
HLA:HLA28784,DQB1,HLA:HLA28784 DQB1*02:175 257 bp,1236
HLA:HLA31169,B,HLA:HLA31169 B*08:278 362 bp,1237
HLA:HLA36159,DRB5,HLA:HLA36159 DRB5*02:35 89 bp,1238
HLA:HLA01006,DQB1,HLA:HLA01006 DQB1*06:16 261 bp,1239
HLA:HLA31337,A,HLA:HLA31337 A*11:402 365 bp,1240
HLA:HLA18974,A,HLA:HLA18974 A*26:155 181 bp,1241
HLA:HLA40655,DPB1,HLA:HLA40655 DPB1*05:01:22 258 bp,1242
HLA:HLA30252,A,HLA:HLA30252 A*32:01:01:28 365 bp,1243
HLA:HLA07218,C,HLA:HLA07218 C*07:215 181 bp,1244
HLA:HLA06508,DRB1,HLA:HLA06508 DRB1*03:01:13 89 bp,1245
HLA:HLA19691,C,HLA:HLA19691 C*07:18:01:02 366 bp,1246
HLA:HLA16648,C,HLA:HLA16648 C*02:02:33 366 bp,1247
HLA:HLA35542,DRB1,HLA:HLA35542 DRB1*11:01:02:04 266 bp,1248
HLA:HLA22023,A,HLA:HLA22023 A*30:02:22 365 bp,1249
HLA:HLA05998,B,HLA:HLA05998 B*51:01:21 181 bp,1250
HLA:HLA37305,A,HLA:HLA37305 A*02:1096 365 bp,1251
HLA:HLA04664,DRB1,HLA:HLA04664 DRB1*04:01:06 89 bp,1252
HLA:HLA09630,C,HLA:HLA09630 C*04:150 181 bp,1253
HLA:HLA04326,C,HLA:HLA04326 C*12:03:07 181 bp,1254
HLA:HLA05538,B,HLA:HLA05538 B*41:14 181 bp,1255
HLA:HLA37809,B,HLA:HLA37809 B*44:374 362 bp,1256
HLA:HLA20813,DQB1,HLA:HLA20813 DQB1*02:115 183 bp,1257
HLA:HLA37124,C,HLA:HLA37124 C*07:1059 366 bp,1258
HLA:HLA40323,B,HLA:HLA40323 B*44:02:88 362 bp,1259
HLA:HLA09206,C,HLA:HLA09206 C*04:01:50 181 bp,1260
HLA:HLA34001,DPB1,HLA:HLA34001 DPB1*05:01:01:28 258 bp,1261
HLA:HLA24950,B,HLA:HLA24950 B*15:550 362 bp,1262
HLA:HLA29244,DRB5,HLA:HLA29244 DRB5*01:01:01:05 266 bp,1263
HLA:HLA03117,A,HLA:HLA03117 A*24:83N 208 bp,1264
HLA:HLA10936,A,HLA:HLA10936 A*11:180N 96 bp,1265
HLA:HLA15354,DRB3,HLA:HLA15354 DRB3*03:09 89 bp,1266
HLA:HLA17428,DQB1,HLA:HLA17428 DQB1*06:239 183 bp,1267
HLA:HLA20678,C,HLA:HLA20678 C*03:433 366 bp,1268
HLA:HLA03252,C,HLA:HLA03252 C*02:21 366 bp,1269
HLA:HLA35896,DPB1,HLA:HLA35896 DPB1*03:01:21 258 bp,1270
HLA:HLA41929,DPB1,HLA:HLA41929 DPB1*1736:01 258 bp,1271
HLA:HLA20384,A,HLA:HLA20384 A*26:163 365 bp,1272
HLA:HLA08634,A,HLA:HLA08634 A*24:02:63 181 bp,1273
HLA:HLA35546,B,HLA:HLA35546 B*44:358 362 bp,1274
HLA:HLA44430,DPB1,HLA:HLA44430 DPB1*1845:01 258 bp,1275
HLA:HLA23517,A,HLA:HLA23517 A*29:101:02 365 bp,1276
HLA:HLA33259,B,HLA:HLA33259 B*44:02:01:57 362 bp,1277
HLA:HLA17119,DPB1,HLA:HLA17119 DPB1*05:01:01:02 258 bp,1278
HLA:HLA40851,G,HLA:HLA40851 G*01:01:02:14 338 bp,1279
HLA:HLA43371,G,HLA:HLA43371 G*01:01:15:02 338 bp,1280
HLA:HLA06985,B,HLA:HLA06985 B*44:02:19 362 bp,1281
HLA:HLA12613,C,HLA:HLA12613 C*08:113 366 bp,1282
HLA:HLA30099,A,HLA:HLA30099 A*02:01:01:179 365 bp,1283
HLA:HLA00418,C,HLA:HLA00418 C*03:08 366 bp,1284
HLA:HLA42389,DPB1,HLA:HLA42389 DPB1*1773:01 218 bp,1285
HLA:HLA20365,C,HLA:HLA20365 C*07:687 366 bp,1286
HLA:HLA16318,DQB1,HLA:HLA16318 DQB1*04:39 220 bp,1287
HLA:HLA13580,DQB1,HLA:HLA13580 DQB1*03:23:02 224 bp,1288
HLA:HLA34050,DRB1,HLA:HLA34050 DRB1*07:01:01:08 266 bp,1289
HLA:HLA40543,B,HLA:HLA40543 B*40:01:02:66 362 bp,1290
HLA:HLA20861,C,HLA:HLA20861 C*06:02:01:16 366 bp,1291
HLA:HLA32493,C,HLA:HLA32493 C*07:976 369 bp,1292
HLA:HLA35781,B,HLA:HLA35781 B*50:22 362 bp,1293
HLA:HLA18447,B,HLA:HLA18447 B*44:282 362 bp,1294
HLA:HLA04090,B,HLA:HLA04090 B*38:01:03 181 bp,1295
HLA:HLA35336,C,HLA:HLA35336 C*08:247 366 bp,1296
HLA:HLA41949,DMB,HLA:HLA41949 DMB*01:01:01:52 263 bp,1297
HLA:HLA05860,B,HLA:HLA05860 B*44:43:02 181 bp,1298
HLA:HLA30862,B,HLA:HLA30862 B*35:519 362 bp,1299
HLA:HLA20448,C,HLA:HLA20448 C*06:240 366 bp,1300
HLA:HLA36043,DQB1,HLA:HLA36043 DQB1*05:02:01:13 261 bp,1301
HLA:HLA10621,C,HLA:HLA10621 C*08:101 349 bp,1302
HLA:HLA31843,DQB1,HLA:HLA31843 DQB1*03:01:01:34 261 bp,1303
HLA:HLA28900,A,HLA:HLA28900 A*03:02:05 365 bp,1304
HLA:HLA37213,B,HLA:HLA37213 B*18:231Q 361 bp,1305
HLA:HLA32488,A,HLA:HLA32488 A*02:149:02 365 bp,1306
HLA:HLA40869,B,HLA:HLA40869 B*57:01:51 362 bp,1307
HLA:HLA13350,B,HLA:HLA13350 B*51:189 362 bp,1308
HLA:HLA05802,B,HLA:HLA05802 B*55:47 273 bp,1309
HLA:HLA40677,DQB1,HLA:HLA40677 DQB1*02:221N 131 bp,1310
HLA:HLA06855,DRB1,HLA:HLA06855 DRB1*09:15 89 bp,1311
HLA:HLA24182,DRB1,HLA:HLA24182 DRB1*15:03:05 183 bp,1312
HLA:HLA35072,C,HLA:HLA35072 C*08:02:37 366 bp,1313
HLA:HLA40949,A,HLA:HLA40949 A*31:01:58 365 bp,1314
HLA:HLA13057,DRB1,HLA:HLA13057 DRB1*07:39 89 bp,1315
HLA:HLA20398,A,HLA:HLA20398 A*03:317 365 bp,1316
HLA:HLA36898,DQA1,HLA:HLA36898 DQA1*01:111 227 bp,1317
HLA:HLA30703,C,HLA:HLA30703 C*07:930 366 bp,1318
HLA:HLA38714,B,HLA:HLA38714 B*14:124 362 bp,1319
HLA:HLA07629,B,HLA:HLA07629 B*40:184 181 bp,1320
HLA:HLA28488,DPB1,HLA:HLA28488 DPB1*1130:01 258 bp,1321
HLA:HLA18286,DPA1,HLA:HLA18286 DPA1*02:10 260 bp,1322
HLA:HLA08157,C,HLA:HLA08157 C*08:01:06 181 bp,1323
HLA:HLA39596,A,HLA:HLA39596 A*33:01:01:17 365 bp,1324
HLA:HLA14313,B,HLA:HLA14313 B*14:51 181 bp,1325
HLA:HLA24393,C,HLA:HLA24393 C*03:493 366 bp,1326
HLA:HLA09277,DQB1,HLA:HLA09277 DQB1*06:09:03 89 bp,1327
HLA:HLA03557,G,HLA:HLA03557 G*01:01:18 273 bp,1328
HLA:HLA44812,DQB1,HLA:HLA44812 DQB1*02:82:02 261 bp,1329
HLA:HLA25384,B,HLA:HLA25384 B*56:04:01:02 362 bp,1330
HLA:HLA06268,B,HLA:HLA06268 B*51:06:02 181 bp,1331
HLA:HLA05826,B,HLA:HLA05826 B*35:148 362 bp,1332
HLA:HLA11447,B,HLA:HLA11447 B*81:07 181 bp,1333
HLA:HLA38647,DQA1,HLA:HLA38647 DQA1*02:39 254 bp,1334
HLA:HLA24252,C,HLA:HLA24252 C*06:274 366 bp,1335
HLA:HLA07741,C,HLA:HLA07741 C*12:71 181 bp,1336
HLA:HLA11612,DPB1,HLA:HLA11612 DPB1*299:01 258 bp,1337
HLA:HLA22211,DPA1,HLA:HLA22211 DPA1*03:04 260 bp,1338
HLA:HLA18694,DQB1,HLA:HLA18694 DQB1*06:261 183 bp,1339
HLA:HLA01930,DRB1,HLA:HLA01930 DRB1*03:27 89 bp,1340
HLA:HLA06846,DRB1,HLA:HLA06846 DRB1*04:02:03 89 bp,1341
HLA:HLA41370,DPB1,HLA:HLA41370 DPB1*1654:01 258 bp,1342
HLA:HLA17690,DRB1,HLA:HLA17690 DRB1*09:32 266 bp,1343
HLA:HLA04940,B,HLA:HLA04940 B*40:114:01:01 362 bp,1344
HLA:HLA18703,DPB1,HLA:HLA18703 DPB1*704:01 258 bp,1345
HLA:HLA12789,C,HLA:HLA12789 C*02:02:30 181 bp,1346
HLA:HLA18491,C,HLA:HLA18491 C*12:229 366 bp,1347
HLA:HLA07613,A,HLA:HLA07613 A*02:347 181 bp,1348
HLA:HLA38458,B,HLA:HLA38458 B*13:01:01:11 362 bp,1349
HLA:HLA22867,B,HLA:HLA22867 B*52:01:38 362 bp,1350
HLA:HLA11928,DPB1,HLA:HLA11928 DPB1*348:01:01 181 bp,1351
HLA:HLA16242,B,HLA:HLA16242 B*44:260 362 bp,1352
HLA:HLA04449,B,HLA:HLA04449 B*27:61 181 bp,1353
HLA:HLA41588,DPB1,HLA:HLA41588 DPB1*1696:01 258 bp,1354
HLA:HLA37341,C,HLA:HLA37341 C*07:02:01:185 366 bp,1355
HLA:HLA06944,B,HLA:HLA06944 B*44:05:03 181 bp,1356
HLA:HLA33754,DQB1,HLA:HLA33754 DQB1*02:01:01:13 261 bp,1357
HLA:HLA40140,DRB1,HLA:HLA40140 DRB1*08:03:16 266 bp,1358
HLA:HLA18208,A,HLA:HLA18208 A*02:709 365 bp,1359
HLA:HLA07815,C,HLA:HLA07815 C*06:76:01 366 bp,1360
HLA:HLA28138,C,HLA:HLA28138 C*07:869 366 bp,1361
HLA:HLA43033,B,HLA:HLA43033 B*13:208 362 bp,1362
HLA:HLA16703,C,HLA:HLA16703 C*02:02:02:11 366 bp,1363
HLA:HLA35580,DQB1,HLA:HLA35580 DQB1*02:02:01:14 261 bp,1364
HLA:HLA12201,C,HLA:HLA12201 C*04:01:63 181 bp,1365
HLA:HLA06136,C,HLA:HLA06136 C*12:51 181 bp,1366
HLA:HLA32710,A,HLA:HLA32710 A*03:01:01:92 365 bp,1367
HLA:HLA41848,B,HLA:HLA41848 B*58:01:01:21 362 bp,1368
HLA:HLA22980,B,HLA:HLA22980 B*40:06:21 298 bp,1369
HLA:HLA10288,DQB1,HLA:HLA10288 DQB1*05:11:02 89 bp,1370
HLA:HLA15347,DRB3,HLA:HLA15347 DRB3*01:35 89 bp,1371
HLA:HLA37857,C,HLA:HLA37857 C*02:02:69 366 bp,1372
HLA:HLA03845,DRB1,HLA:HLA03845 DRB1*14:87 89 bp,1373
HLA:HLA03141,A,HLA:HLA03141 A*31:21 365 bp,1374
HLA:HLA20749,DRB4,HLA:HLA20749 DRB4*01:77 183 bp,1375
HLA:HLA30206,B,HLA:HLA30206 B*44:03:01:40 362 bp,1376
HLA:HLA22130,B,HLA:HLA22130 B*53:54 362 bp,1377
HLA:HLA38447,DPB1,HLA:HLA38447 DPB1*1522:01 224 bp,1378
HLA:HLA32977,DRB1,HLA:HLA32977 DRB1*07:133 183 bp,1379
HLA:HLA25443,DPA1,HLA:HLA25443 DPA1*01:28 226 bp,1380
HLA:HLA36054,OTHER,HLA:HLA36054 MICA*257 388 bp,1381
HLA:HLA08177,C,HLA:HLA08177 C*01:71 181 bp,1382
HLA:HLA34086,DRB1,HLA:HLA34086 DRB1*03:01:40 266 bp,1383
HLA:HLA23873,DQB1,HLA:HLA23873 DQB1*06:349 220 bp,1384
HLA:HLA28503,C,HLA:HLA28503 C*01:02:72 366 bp,1385
HLA:HLA16597,DPB1,HLA:HLA16597 DPB1*628:01 87 bp,1386
HLA:HLA27500,A,HLA:HLA27500 A*24:493 365 bp,1387
HLA:HLA10685,B,HLA:HLA10685 B*13:26:02 337 bp,1388
HLA:HLA28404,C,HLA:HLA28404 C*07:885 366 bp,1389
HLA:HLA41699,B,HLA:HLA41699 B*15:04:05 362 bp,1390
HLA:HLA05596,C,HLA:HLA05596 C*16:01:05 181 bp,1391
HLA:HLA03968,B,HLA:HLA03968 B*58:22 181 bp,1392
HLA:HLA32505,A,HLA:HLA32505 A*68:283 365 bp,1393
HLA:HLA42123,MICB,HLA:HLA42123 MICB*005:02:59 383 bp,1394
HLA:HLA22363,DPB1,HLA:HLA22363 DPB1*03:01:11 258 bp,1395
HLA:HLA40863,DRB1,HLA:HLA40863 DRB1*11:04:24 232 bp,1396
HLA:HLA21886,C,HLA:HLA21886 C*03:445N 196 bp,1397
HLA:HLA33732,DPA1,HLA:HLA33732 DPA1*01:03:01:45 260 bp,1398
HLA:HLA08454,A,HLA:HLA08454 A*32:48N 112 bp,1399
HLA:HLA06277,C,HLA:HLA06277 C*07:170 366 bp,1400
HLA:HLA02111,A,HLA:HLA02111 A*03:16 365 bp,1401
HLA:HLA06079,A,HLA:HLA06079 A*02:292 273 bp,1402
HLA:HLA36121,B,HLA:HLA36121 B*35:567:01 362 bp,1403
HLA:HLA34783,B,HLA:HLA34783 B*44:352 362 bp,1404
HLA:HLA03808,A,HLA:HLA03808 A*02:22:02 365 bp,1405
HLA:HLA39897,C,HLA:HLA39897 C*04:01:161 366 bp,1406
HLA:HLA24348,B,HLA:HLA24348 B*15:540N 76 bp,1407
HLA:HLA16966,DRB1,HLA:HLA16966 DRB1*01:79 89 bp,1408
HLA:HLA21790,A,HLA:HLA21790 A*68:205N 220 bp,1409
HLA:HLA17784,A,HLA:HLA17784 A*26:148 365 bp,1410
HLA:HLA33021,A,HLA:HLA33021 A*68:01:02:31 365 bp,1411
HLA:HLA00318,B,HLA:HLA00318 B*44:02:01:01 362 bp,1412
HLA:HLA28377,A,HLA:HLA28377 A*01:01:01:59 365 bp,1413
HLA:HLA04227,B,HLA:HLA04227 B*42:01:02 181 bp,1414
HLA:HLA27909,C,HLA:HLA27909 C*01:02:01:43 366 bp,1415
HLA:HLA30970,DRB3,HLA:HLA30970 DRB3*02:167 232 bp,1416
HLA:HLA25607,B,HLA:HLA25607 B*27:05:02:20 362 bp,1417
HLA:HLA02398,B,HLA:HLA02398 B*54:08N 160 bp,1418
HLA:HLA44871,C,HLA:HLA44871 C*12:452N 96 bp,1419
HLA:HLA35636,B,HLA:HLA35636 B*13:02:37 362 bp,1420
HLA:HLA09023,C,HLA:HLA09023 C*08:73 366 bp,1421
HLA:HLA21725,DPB1,HLA:HLA21725 DPB1*924:01 181 bp,1422
HLA:HLA09614,C,HLA:HLA09614 C*12:99:01 366 bp,1423
HLA:HLA26622,DQA2,HLA:HLA26622 DQA2*01:01:02:09 255 bp,1424
HLA:HLA02590,A,HLA:HLA02590 A*03:24 181 bp,1425
HLA:HLA01254,A,HLA:HLA01254 A*74:05 365 bp,1426
HLA:HLA03259,B,HLA:HLA03259 B*44:60 181 bp,1427
HLA:HLA34287,A,HLA:HLA34287 A*29:172 365 bp,1428
HLA:HLA32751,C,HLA:HLA32751 C*07:01:01:113 366 bp,1429
HLA:HLA07798,DPB1,HLA:HLA07798 DPB1*138:01 258 bp,1430
HLA:HLA37826,DRB3,HLA:HLA37826 DRB3*03:64 266 bp,1431
HLA:HLA03140,A,HLA:HLA03140 A*03:38 365 bp,1432
HLA:HLA18633,DRB5,HLA:HLA18633 DRB5*01:36 183 bp,1433
HLA:HLA02098,B,HLA:HLA02098 B*44:41:01 362 bp,1434
HLA:HLA38076,DRB4,HLA:HLA38076 DRB4*01:61:02N 76 bp,1435
HLA:HLA32441,A,HLA:HLA32441 A*11:411 365 bp,1436
HLA:HLA35956,C,HLA:HLA35956 C*07:1033 366 bp,1437
HLA:HLA37091,DRB1,HLA:HLA37091 DRB1*11:04:23 220 bp,1438
HLA:HLA05827,DRB1,HLA:HLA05827 DRB1*14:100 89 bp,1439
HLA:HLA09819,A,HLA:HLA09819 A*02:437Q 273 bp,1440
HLA:HLA23060,B,HLA:HLA23060 B*51:296 362 bp,1441
HLA:HLA17213,B,HLA:HLA17213 B*51:224 362 bp,1442
HLA:HLA00430,C,HLA:HLA00430 C*06:02:01:01 366 bp,1443
HLA:HLA23815,B,HLA:HLA23815 B*53:01:24 362 bp,1444
HLA:HLA24882,B,HLA:HLA24882 B*08:01:01:21 362 bp,1445
HLA:HLA24531,B,HLA:HLA24531 B*50:01:01:03 362 bp,1446
HLA:HLA44834,DQB1,HLA:HLA44834 DQB1*03:01:01:81 261 bp,1447
HLA:HLA37318,DQA1,HLA:HLA37318 DQA1*05:01:01:09 254 bp,1448
HLA:HLA04956,A,HLA:HLA04956 A*24:119 181 bp,1449
HLA:HLA05236,A,HLA:HLA05236 A*23:26 365 bp,1450
HLA:HLA36486,B,HLA:HLA36486 B*35:570 362 bp,1451
HLA:HLA16891,B,HLA:HLA16891 B*58:88 181 bp,1452
HLA:HLA36302,DPA1,HLA:HLA36302 DPA1*01:03:01:65 260 bp,1453
HLA:HLA39584,C,HLA:HLA39584 C*07:1115 366 bp,1454
HLA:HLA26811,A,HLA:HLA26811 A*02:01:01:135 365 bp,1455
HLA:HLA39887,A,HLA:HLA39887 A*34:02:08 365 bp,1456
HLA:HLA10107,C,HLA:HLA10107 C*14:02:13 181 bp,1457
HLA:HLA36553,A,HLA:HLA36553 A*02:1080 365 bp,1458
HLA:HLA35499,DOA,HLA:HLA35499 DOA*01:13 250 bp,1459
HLA:HLA33985,B,HLA:HLA33985 B*51:153:02 362 bp,1460
HLA:HLA18416,B,HLA:HLA18416 B*57:95 362 bp,1461
HLA:HLA35887,DPB1,HLA:HLA35887 DPB1*02:01:67 258 bp,1462
HLA:HLA45060,MICA,HLA:HLA45060 MICA*008:34 333 bp,1463
HLA:HLA39753,DPB1,HLA:HLA39753 DPB1*02:01:02:97 258 bp,1464
HLA:HLA28366,B,HLA:HLA28366 B*37:01:01:12 362 bp,1465
HLA:HLA03567,A,HLA:HLA03567 A*02:153:01 181 bp,1466
HLA:HLA33845,B,HLA:HLA33845 B*38:98 273 bp,1467
HLA:HLA14992,B,HLA:HLA14992 B*35:316 181 bp,1468
HLA:HLA30628,A,HLA:HLA30628 A*24:02:01:110 365 bp,1469
HLA:HLA17126,DPB1,HLA:HLA17126 DPB1*03:01:01:05 258 bp,1470
HLA:HLA33962,DPB1,HLA:HLA33962 DPB1*14:01:01:07 258 bp,1471
HLA:HLA08759,C,HLA:HLA08759 C*15:02:13 181 bp,1472
HLA:HLA09968,C,HLA:HLA09968 C*03:207 273 bp,1473
HLA:HLA20979,A,HLA:HLA20979 A*31:01:32 365 bp,1474
HLA:HLA05396,C,HLA:HLA05396 C*03:94:01 181 bp,1475
HLA:HLA18717,DPB1,HLA:HLA18717 DPB1*712:01N 73 bp,1476
HLA:HLA06285,B,HLA:HLA06285 B*07:124 337 bp,1477
HLA:HLA38260,C,HLA:HLA38260 C*07:02:01:197 366 bp,1478
HLA:HLA03331,A,HLA:HLA03331 A*24:87 365 bp,1479
HLA:HLA45158,MICA,HLA:HLA45158 MICA*008:04:19 333 bp,1480
HLA:HLA28920,A,HLA:HLA28920 A*68:251N 97 bp,1481
HLA:HLA00991,C,HLA:HLA00991 C*06:05 181 bp,1482
HLA:HLA38567,C,HLA:HLA38567 C*07:1092 366 bp,1483
HLA:HLA44088,A,HLA:HLA44088 A*02:614:02 365 bp,1484
HLA:HLA23597,DQB1,HLA:HLA23597 DQB1*03:381 220 bp,1485
HLA:HLA44581,DPB1,HLA:HLA44581 DPB1*04:02:37 258 bp,1486
HLA:HLA08855,DRB1,HLA:HLA08855 DRB1*08:50 89 bp,1487
HLA:HLA03674,B,HLA:HLA03674 B*51:67 181 bp,1488
HLA:HLA40975,DPB1,HLA:HLA40975 DPB1*1649:01 258 bp,1489
HLA:HLA13209,A,HLA:HLA13209 A*33:97 273 bp,1490
HLA:HLA19013,C,HLA:HLA19013 C*07:01:01:23 366 bp,1491
HLA:HLA25110,C,HLA:HLA25110 C*04:01:01:70 366 bp,1492
HLA:HLA37696,DQA1,HLA:HLA37696 DQA1*05:05:19 254 bp,1493
HLA:HLA26414,A,HLA:HLA26414 A*01:342 365 bp,1494
HLA:HLA19857,A,HLA:HLA19857 A*03:311 365 bp,1495
HLA:HLA00590,DPB1,HLA:HLA00590 DPB1*71:01:01 258 bp,1496
HLA:HLA43830,DPA1,HLA:HLA43830 DPA1*01:03:01:139 260 bp,1497
HLA:HLA01510,B,HLA:HLA01510 B*40:40 362 bp,1498
HLA:HLA34533,DMA,HLA:HLA34533 DMA*01:01:01:29 261 bp,1499
HLA:HLA36953,C,HLA:HLA36953 C*15:02:61 366 bp,1500
HLA:HLA04969,A,HLA:HLA04969 A*02:210 181 bp,1501
HLA:HLA26953,A,HLA:HLA26953 A*02:01:01:146 365 bp,1502
HLA:HLA13097,C,HLA:HLA13097 C*05:115 181 bp,1503
HLA:HLA16443,A,HLA:HLA16443 A*29:96 181 bp,1504
HLA:HLA04959,B,HLA:HLA04959 B*35:101:02 181 bp,1505
HLA:HLA04352,DRB1,HLA:HLA04352 DRB1*12:01:03 89 bp,1506
HLA:HLA18401,C,HLA:HLA18401 C*16:118 366 bp,1507
HLA:HLA00920,DRB5,HLA:HLA00920 DRB5*01:05 88 bp,1508
HLA:HLA24138,DQB1,HLA:HLA24138 DQB1*02:01:36 220 bp,1509
HLA:HLA33424,A,HLA:HLA33424 A*02:01:01:235 365 bp,1510
HLA:HLA16738,C,HLA:HLA16738 C*12:211 366 bp,1511
HLA:HLA12545,DPB1,HLA:HLA12545 DPB1*403:01N 54 bp,1512
HLA:HLA14630,B,HLA:HLA14630 B*27:147 273 bp,1513
HLA:HLA00227,B,HLA:HLA00227 B*27:06:01:01 362 bp,1514
HLA:HLA01806,DRB1,HLA:HLA01806 DRB1*12:09 89 bp,1515
HLA:HLA33984,C,HLA:HLA33984 C*03:590 181 bp,1516
HLA:HLA30142,C,HLA:HLA30142 C*14:02:38 366 bp,1517
HLA:HLA42724,C,HLA:HLA42724 C*16:229N 93 bp,1518
HLA:HLA36502,DRB1,HLA:HLA36502 DRB1*11:02:01:04 266 bp,1519
HLA:HLA45058,MICA,HLA:HLA45058 MICA*007:01:15 383 bp,1520
HLA:HLA02307,B,HLA:HLA02307 B*57:10 362 bp,1521
HLA:HLA03415,C,HLA:HLA03415 C*14:10 366 bp,1522
HLA:HLA27857,C,HLA:HLA27857 C*12:260:02 366 bp,1523
HLA:HLA16432,A,HLA:HLA16432 A*02:01:01:18 365 bp,1524
HLA:HLA10300,DQB1,HLA:HLA10300 DQB1*06:126 89 bp,1525
HLA:HLA08253,A,HLA:HLA08253 A*29:44 181 bp,1526
HLA:HLA04075,B,HLA:HLA04075 B*18:07:02 181 bp,1527
HLA:HLA19787,B,HLA:HLA19787 B*35:01:01:14 362 bp,1528
HLA:HLA14252,C,HLA:HLA14252 C*05:125 366 bp,1529
HLA:HLA41997,B,HLA:HLA41997 B*44:416 362 bp,1530
HLA:HLA41472,DQA1,HLA:HLA41472 DQA1*01:164 255 bp,1531
HLA:HLA26502,DQA1,HLA:HLA26502 DQA1*03:13 255 bp,1532
HLA:HLA06756,A,HLA:HLA06756 A*03:02:02 181 bp,1533
HLA:HLA11881,DQB1,HLA:HLA11881 DQB1*03:146 89 bp,1534
HLA:HLA32411,B,HLA:HLA32411 B*39:09:01:05 362 bp,1535
HLA:HLA09754,DRB1,HLA:HLA09754 DRB1*15:98 89 bp,1536
HLA:HLA26590,C,HLA:HLA26590 C*12:307 366 bp,1537
HLA:HLA11172,DRB1,HLA:HLA11172 DRB1*11:156 89 bp,1538
HLA:HLA31246,DQA1,HLA:HLA31246 DQA1*05:05:08:01 254 bp,1539
HLA:HLA34550,DMB,HLA:HLA34550 DMB*01:01:01:36 263 bp,1540
HLA:HLA28032,B,HLA:HLA28032 B*39:83:02 362 bp,1541
HLA:HLA09033,C,HLA:HLA09033 C*17:19 181 bp,1542
HLA:HLA31651,A,HLA:HLA31651 A*03:423 365 bp,1543
HLA:HLA35465,DRB1,HLA:HLA35465 DRB1*07:01:01:18 266 bp,1544
HLA:HLA36744,DPA1,HLA:HLA36744 DPA1*02:97 260 bp,1545
HLA:HLA34718,B,HLA:HLA34718 B*54:01:10 362 bp,1546
HLA:HLA44549,DRB1,HLA:HLA44549 DRB1*04:01:01:27 266 bp,1547
HLA:HLA31885,B,HLA:HLA31885 B*15:608 362 bp,1548
HLA:HLA24092,DRB1,HLA:HLA24092 DRB1*08:97 232 bp,1549
HLA:HLA25382,B,HLA:HLA25382 B*39:157N 58 bp,1550
HLA:HLA33409,A,HLA:HLA33409 A*01:01:01:107 365 bp,1551
HLA:HLA33947,C,HLA:HLA33947 C*01:226 366 bp,1552
HLA:HLA11979,DQB1,HLA:HLA11979 DQB1*03:03:13 183 bp,1553
HLA:HLA17287,C,HLA:HLA17287 C*03:359 366 bp,1554
HLA:HLA28932,MICB,HLA:HLA28932 MICB*003:01:04 383 bp,1555
HLA:HLA39508,B,HLA:HLA39508 B*39:207N 98 bp,1556
HLA:HLA07639,B,HLA:HLA07639 B*44:02:23 181 bp,1557
HLA:HLA22397,DRB4,HLA:HLA22397 DRB4*01:92 89 bp,1558
HLA:HLA25573,C,HLA:HLA25573 C*07:06:01:07 366 bp,1559
HLA:HLA18438,B,HLA:HLA18438 B*51:234 362 bp,1560
HLA:HLA38971,B,HLA:HLA38971 B*35:592 362 bp,1561
HLA:HLA33012,B,HLA:HLA33012 B*07:02:01:97 362 bp,1562
HLA:HLA33491,A,HLA:HLA33491 A*03:439 365 bp,1563
HLA:HLA34645,DMB,HLA:HLA34645 DMB*01:01:01:07 263 bp,1564
HLA:HLA00323,B,HLA:HLA00323 B*44:06 362 bp,1565
HLA:HLA18636,DQB1,HLA:HLA18636 DQB1*06:253 220 bp,1566
HLA:HLA41152,A,HLA:HLA41152 A*24:636N 213 bp,1567
HLA:HLA32568,A,HLA:HLA32568 A*03:01:01:90 365 bp,1568
HLA:HLA04061,A,HLA:HLA04061 A*25:10 181 bp,1569
HLA:HLA40918,DRB1,HLA:HLA40918 DRB1*01:02:14 232 bp,1570
HLA:HLA10369,DPB1,HLA:HLA10369 DPB1*207:01:01 87 bp,1571
HLA:HLA15158,A,HLA:HLA15158 A*01:208Q 365 bp,1572
HLA:HLA43273,DPB1,HLA:HLA43273 DPB1*1806:01 258 bp,1573
HLA:HLA18648,DPB1,HLA:HLA18648 DPB1*04:02:12 181 bp,1574
HLA:HLA11026,B,HLA:HLA11026 B*15:310 362 bp,1575
HLA:HLA41832,B,HLA:HLA41832 B*35:628 362 bp,1576
HLA:HLA06627,TAP1,HLA:HLA06627 TAP1*01:01:01:02 748 bp,1577
HLA:HLA38198,DPB1,HLA:HLA38198 DPB1*1515:01 224 bp,1578
HLA:HLA05121,A,HLA:HLA05121 A*32:23 181 bp,1579
HLA:HLA31789,A,HLA:HLA31789 A*68:274 365 bp,1580
HLA:HLA44900,DRB4,HLA:HLA44900 DRB4*01:03:02:13 266 bp,1581
HLA:HLA01432,DRB1,HLA:HLA01432 DRB1*03:19 266 bp,1582
HLA:HLA18517,C,HLA:HLA18517 C*03:03:38 366 bp,1583
HLA:HLA16494,B,HLA:HLA16494 B*15:422 181 bp,1584
HLA:HLA30699,B,HLA:HLA30699 B*27:242 362 bp,1585
HLA:HLA01605,DRB1,HLA:HLA01605 DRB1*04:05:04 89 bp,1586
HLA:HLA30977,A,HLA:HLA30977 A*02:985 365 bp,1587
HLA:HLA11676,DQB1,HLA:HLA11676 DQB1*06:03:17 89 bp,1588
HLA:HLA31725,MICA,HLA:HLA31725 MICA*151:01:03 385 bp,1589
HLA:HLA14946,B,HLA:HLA14946 B*18:124 362 bp,1590
HLA:HLA40829,G,HLA:HLA40829 G*01:01:01:36 338 bp,1591
HLA:HLA22618,C,HLA:HLA22618 C*08:181N 109 bp,1592
HLA:HLA44808,DRB1,HLA:HLA44808 DRB1*01:160 232 bp,1593
HLA:HLA10336,DPB1,HLA:HLA10336 DPB1*178:01 258 bp,1594
HLA:HLA38165,B,HLA:HLA38165 B*39:06:02:10 362 bp,1595
HLA:HLA38784,A,HLA:HLA38784 A*02:1132 365 bp,1596
HLA:HLA00122,A,HLA:HLA00122 A*68:06 365 bp,1597
HLA:HLA10725,B,HLA:HLA10725 B*40:265N 135 bp,1598
HLA:HLA44382,C,HLA:HLA44382 C*06:02:124 366 bp,1599
HLA:HLA41395,DPB1,HLA:HLA41395 DPB1*1653:01 258 bp,1600
HLA:HLA23629,DPB1,HLA:HLA23629 DPB1*999:01 181 bp,1601
HLA:HLA20200,C,HLA:HLA20200 C*07:681 366 bp,1602
HLA:HLA32429,DPA1,HLA:HLA32429 DPA1*01:87Q 254 bp,1603
HLA:HLA34822,DQB1,HLA:HLA34822 DQB1*05:03:30 261 bp,1604
HLA:HLA26606,E,HLA:HLA26606 E*01:03:02:16 358 bp,1605
HLA:HLA07478,C,HLA:HLA07478 C*06:70:01 181 bp,1606
HLA:HLA45062,B,HLA:HLA45062 B*07:543 362 bp,1607
HLA:HLA34701,B,HLA:HLA34701 B*27:259 362 bp,1608
HLA:HLA38782,A,HLA:HLA38782 A*68:309 365 bp,1609
HLA:HLA07496,C,HLA:HLA07496 C*03:141 181 bp,1610
HLA:HLA05213,C,HLA:HLA05213 C*05:43 181 bp,1611
HLA:HLA20812,DQB1,HLA:HLA20812 DQB1*03:309:01 183 bp,1612
HLA:HLA30457,A,HLA:HLA30457 A*74:02:01:03 365 bp,1613
HLA:HLA33685,DQB1,HLA:HLA33685 DQB1*03:02:01:11 261 bp,1614
HLA:HLA02350,B,HLA:HLA02350 B*07:44N 304 bp,1615
HLA:HLA01185,DRB3,HLA:HLA01185 DRB3*02:12 89 bp,1616
HLA:HLA05046,A,HLA:HLA05046 A*02:240 181 bp,1617
HLA:HLA05173,C,HLA:HLA05173 C*04:01:18 181 bp,1618
HLA:HLA16154,DQB1,HLA:HLA16154 DQB1*03:04:03 261 bp,1619
HLA:HLA11823,B,HLA:HLA11823 B*08:129 181 bp,1620
HLA:HLA33280,A,HLA:HLA33280 A*11:01:01:78 365 bp,1621
HLA:HLA42177,A,HLA:HLA42177 A*24:646 365 bp,1622
HLA:HLA02519,B,HLA:HLA02519 B*07:49N 273 bp,1623
HLA:HLA07427,A,HLA:HLA07427 A*03:136 181 bp,1624
HLA:HLA04862,A,HLA:HLA04862 A*24:107 181 bp,1625
HLA:HLA05561,DRB1,HLA:HLA05561 DRB1*12:25 89 bp,1626
HLA:HLA31136,DRB3,HLA:HLA31136 DRB3*02:166 183 bp,1627
HLA:HLA04282,C,HLA:HLA04282 C*03:75 366 bp,1628
HLA:HLA15972,B,HLA:HLA15972 B*51:213 181 bp,1629
HLA:HLA06731,C,HLA:HLA06731 C*01:57 181 bp,1630
HLA:HLA31913,DRA,HLA:HLA31913 DRA*01:03 254 bp,1631
HLA:HLA10456,A,HLA:HLA10456 A*33:77 337 bp,1632
HLA:HLA38601,DQA1,HLA:HLA38601 DQA1*01:02:23 255 bp,1633
HLA:HLA26885,A,HLA:HLA26885 A*01:01:01:54 365 bp,1634
HLA:HLA02283,G,HLA:HLA02283 G*01:01:01:02 338 bp,1635
HLA:HLA38008,B,HLA:HLA38008 B*27:05:60 362 bp,1636
HLA:HLA00262,B,HLA:HLA00262 B*35:25 362 bp,1637
HLA:HLA21413,B,HLA:HLA21413 B*07:347 362 bp,1638
HLA:HLA21216,DRB4,HLA:HLA21216 DRB4*01:84N 94 bp,1639
HLA:HLA20087,B,HLA:HLA20087 B*40:393 362 bp,1640
HLA:HLA40259,DRA,HLA:HLA40259 DRA*01:01:01:31 254 bp,1641
HLA:HLA20740,C,HLA:HLA20740 C*12:263 366 bp,1642
HLA:HLA01413,C,HLA:HLA01413 C*12:08 366 bp,1643
HLA:HLA30115,DRB1,HLA:HLA30115 DRB1*03:182 232 bp,1644
HLA:HLA35083,B,HLA:HLA35083 B*35:323:02 181 bp,1645
HLA:HLA31292,MICA,HLA:HLA31292 MICA*008:23:01 333 bp,1646
HLA:HLA16737,C,HLA:HLA16737 C*12:210 366 bp,1647
HLA:HLA15605,A,HLA:HLA15605 A*01:213 181 bp,1648
HLA:HLA00644,DQB1,HLA:HLA00644 DQB1*06:01:02 68 bp,1649
HLA:HLA30485,DQA1,HLA:HLA30485 DQA1*05:35:01 226 bp,1650
HLA:HLA40026,DRB1,HLA:HLA40026 DRB1*07:160 232 bp,1651
HLA:HLA08916,DQB1,HLA:HLA08916 DQB1*02:08 183 bp,1652
HLA:HLA23932,C,HLA:HLA23932 C*04:01:119 366 bp,1653
HLA:HLA36344,DRB1,HLA:HLA36344 DRB1*15:01:01:29 266 bp,1654
HLA:HLA27829,B,HLA:HLA27829 B*35:03:01:17 362 bp,1655
HLA:HLA20703,B,HLA:HLA20703 B*07:341 362 bp,1656
HLA:HLA09327,A,HLA:HLA09327 A*11:141 273 bp,1657
HLA:HLA25290,A,HLA:HLA25290 A*26:191N 296 bp,1658
HLA:HLA38143,B,HLA:HLA38143 B*35:01:01:85 362 bp,1659
HLA:HLA42023,E,HLA:HLA42023 E*01:01:45 358 bp,1660
HLA:HLA31416,B,HLA:HLA31416 B*46:01:35 362 bp,1661
HLA:HLA11854,C,HLA:HLA11854 C*07:377 181 bp,1662
HLA:HLA21901,DRB1,HLA:HLA21901 DRB1*07:97 183 bp,1663
HLA:HLA29403,DPB1,HLA:HLA29403 DPB1*04:01:50 258 bp,1664
HLA:HLA34513,DMB,HLA:HLA34513 DMB*01:03:02 263 bp,1665
HLA:HLA04754,B,HLA:HLA04754 B*44:03:09 181 bp,1666
HLA:HLA19973,C,HLA:HLA19973 C*03:02:19 366 bp,1667
HLA:HLA41839,DRB3,HLA:HLA41839 DRB3*01:131:01:01 266 bp,1668
HLA:HLA35471,DOA,HLA:HLA35471 DOA*01:09 250 bp,1669
HLA:HLA39835,A,HLA:HLA39835 A*02:1160 365 bp,1670
HLA:HLA02936,A,HLA:HLA02936 A*02:119 181 bp,1671
HLA:HLA44119,B,HLA:HLA44119 B*51:01:01:131 362 bp,1672
HLA:HLA01733,DRB1,HLA:HLA01733 DRB1*14:47 183 bp,1673
HLA:HLA39609,C,HLA:HLA39609 C*04:516 366 bp,1674
HLA:HLA22914,B,HLA:HLA22914 B*57:01:01:05 362 bp,1675
HLA:HLA35161,C,HLA:HLA35161 C*06:355 366 bp,1676
HLA:HLA06694,B,HLA:HLA06694 B*41:19 181 bp,1677
HLA:HLA24721,B,HLA:HLA24721 B*13:01:01:05 362 bp,1678
HLA:HLA37943,C,HLA:HLA37943 C*04:01:155 366 bp,1679
HLA:HLA25943,DRB3,HLA:HLA25943 DRB3*01:62:01:02 266 bp,1680
HLA:HLA42662,B,HLA:HLA42662 B*08:01:82 362 bp,1681
HLA:HLA43749,DRB1,HLA:HLA43749 DRB1*11:354 220 bp,1682
HLA:HLA32558,C,HLA:HLA32558 C*18:15 366 bp,1683
HLA:HLA28638,B,HLA:HLA28638 B*51:104:02 181 bp,1684
HLA:HLA03016,A,HLA:HLA03016 A*31:19 181 bp,1685
HLA:HLA09062,DRB1,HLA:HLA09062 DRB1*03:01:21 89 bp,1686
HLA:HLA21889,DQB1,HLA:HLA21889 DQB1*03:342 220 bp,1687
HLA:HLA21062,A,HLA:HLA21062 A*02:784 365 bp,1688
HLA:HLA35428,DOA,HLA:HLA35428 DOA*01:01:02:16 250 bp,1689
HLA:HLA03744,A,HLA:HLA03744 A*02:168 181 bp,1690
HLA:HLA16148,DQB1,HLA:HLA16148 DQB1*03:02:22 261 bp,1691
HLA:HLA40225,DQA1,HLA:HLA40225 DQA1*04:21Q 212 bp,1692
HLA:HLA30785,B,HLA:HLA30785 B*51:01:01:78 362 bp,1693
HLA:HLA11364,DQB1,HLA:HLA11364 DQB1*04:02:06 261 bp,1694
HLA:HLA12307,B,HLA:HLA12307 B*07:228:01 181 bp,1695
HLA:HLA13352,B,HLA:HLA13352 B*56:47 362 bp,1696
HLA:HLA24878,C,HLA:HLA24878 C*03:03:01:21 366 bp,1697
HLA:HLA40703,DRB1,HLA:HLA40703 DRB1*04:228:02 232 bp,1698
HLA:HLA43704,C,HLA:HLA43704 C*03:726 366 bp,1699
HLA:HLA06204,A,HLA:HLA06204 A*33:03:08 365 bp,1700
HLA:HLA10049,B,HLA:HLA10049 B*07:203 181 bp,1701
HLA:HLA27578,B,HLA:HLA27578 B*51:321 337 bp,1702
HLA:HLA33146,DPA1,HLA:HLA33146 DPA1*02:01:18 260 bp,1703
HLA:HLA36422,DQB1,HLA:HLA36422 DQB1*06:02:01:31 261 bp,1704
HLA:HLA20555,C,HLA:HLA20555 C*07:682:02 366 bp,1705
HLA:HLA40532,B,HLA:HLA40532 B*35:612 362 bp,1706
HLA:HLA30846,C,HLA:HLA30846 C*03:04:01:64 366 bp,1707
HLA:HLA12749,B,HLA:HLA12749 B*58:68 181 bp,1708
HLA:HLA09624,C,HLA:HLA09624 C*03:192 366 bp,1709
HLA:HLA23200,DQB1,HLA:HLA23200 DQB1*04:69 220 bp,1710
HLA:HLA29324,DRB1,HLA:HLA29324 DRB1*13:29:01:02 266 bp,1711
HLA:HLA41140,DQB1,HLA:HLA41140 DQB1*06:496 261 bp,1712
HLA:HLA00809,DRB1,HLA:HLA00809 DRB1*13:11:01 266 bp,1713
HLA:HLA12895,DPB1,HLA:HLA12895 DPB1*418:01 87 bp,1714
HLA:HLA33711,DQA1,HLA:HLA33711 DQA1*05:05:01:28 254 bp,1715
HLA:HLA31203,MICA,HLA:HLA31203 MICA*002:05 388 bp,1716
HLA:HLA44935,B,HLA:HLA44935 B*18:01:01:93 362 bp,1717
HLA:HLA04162,B,HLA:HLA04162 B*52:16 181 bp,1718
HLA:HLA38940,DPB1,HLA:HLA38940 DPB1*04:01:74:02 258 bp,1719
HLA:HLA29068,B,HLA:HLA29068 B*18:198 362 bp,1720
HLA:HLA22850,B,HLA:HLA22850 B*08:230 362 bp,1721
HLA:HLA25029,A,HLA:HLA25029 A*01:01:01:28 365 bp,1722
HLA:HLA40416,MICA,HLA:HLA40416 MICA*008:13:02 333 bp,1723
HLA:HLA07842,C,HLA:HLA07842 C*07:242 181 bp,1724
HLA:HLA03630,DPB1,HLA:HLA03630 DPB1*05:01:02 181 bp,1725
HLA:HLA23797,DRB1,HLA:HLA23797 DRB1*04:282 183 bp,1726
HLA:HLA15065,DQB1,HLA:HLA15065 DQB1*06:203 89 bp,1727
HLA:HLA44379,F,HLA:HLA44379 F*01:01:02:18 346 bp,1728
HLA:HLA40928,DPA1,HLA:HLA40928 DPA1*02:136:01 226 bp,1729
HLA:HLA37755,DPA1,HLA:HLA37755 DPA1*01:03:48 260 bp,1730
HLA:HLA37474,DQA1,HLA:HLA37474 DQA1*03:03:08:02 255 bp,1731
HLA:HLA08854,DRB1,HLA:HLA08854 DRB1*03:87 89 bp,1732
HLA:HLA29627,B,HLA:HLA29627 B*44:503 362 bp,1733
HLA:HLA05733,C,HLA:HLA05733 C*02:45 181 bp,1734
HLA:HLA40004,B,HLA:HLA40004 B*35:605 362 bp,1735
HLA:HLA33196,C,HLA:HLA33196 C*04:01:01:136 366 bp,1736
HLA:HLA21457,C,HLA:HLA21457 C*15:173 366 bp,1737
HLA:HLA28355,A,HLA:HLA28355 A*26:206:01N 171 bp,1738
HLA:HLA44994,MICA,HLA:HLA44994 MICA*004:01:16 385 bp,1739
HLA:HLA32723,B,HLA:HLA32723 B*35:01:01:69 362 bp,1740
HLA:HLA18510,C,HLA:HLA18510 C*04:292 366 bp,1741
HLA:HLA40071,C,HLA:HLA40071 C*04:01:01:191 366 bp,1742
HLA:HLA14559,DRB1,HLA:HLA14559 DRB1*16:01:11 89 bp,1743
HLA:HLA40902,B,HLA:HLA40902 B*51:413 273 bp,1744
HLA:HLA15212,C,HLA:HLA15212 C*03:02:15 366 bp,1745
HLA:HLA22803,B,HLA:HLA22803 B*18:175 362 bp,1746
HLA:HLA25909,C,HLA:HLA25909 C*05:226 366 bp,1747
HLA:HLA15832,A,HLA:HLA15832 A*02:01:123 365 bp,1748
HLA:HLA18770,DRB1,HLA:HLA18770 DRB1*07:90 183 bp,1749
HLA:HLA06544,A,HLA:HLA06544 A*24:02:47 181 bp,1750
HLA:HLA44433,DPB1,HLA:HLA44433 DPB1*1879:01 258 bp,1751
HLA:HLA08858,DRB1,HLA:HLA08858 DRB1*11:135 89 bp,1752
HLA:HLA33751,DQB1,HLA:HLA33751 DQB1*03:01:01:38 261 bp,1753
HLA:HLA36122,C,HLA:HLA36122 C*07:1037N 94 bp,1754
HLA:HLA43832,C,HLA:HLA43832 C*08:310 366 bp,1755
HLA:HLA21954,DQA1,HLA:HLA21954 DQA1*04:01:01:05 254 bp,1756
HLA:HLA29594,C,HLA:HLA29594 C*12:333 366 bp,1757
HLA:HLA29388,B,HLA:HLA29388 B*46:87 362 bp,1758
HLA:HLA26973,MICA,HLA:HLA26973 MICA*012:01:03 383 bp,1759
HLA:HLA35400,DRB1,HLA:HLA35400 DRB1*14:246 183 bp,1760
HLA:HLA22884,B,HLA:HLA22884 B*54:40 273 bp,1761
HLA:HLA24610,A,HLA:HLA24610 A*66:03:01:03 365 bp,1762
HLA:HLA25121,B,HLA:HLA25121 B*52:01:46 362 bp,1763
HLA:HLA06253,B,HLA:HLA06253 B*40:01:20 181 bp,1764
HLA:HLA40031,C,HLA:HLA40031 C*05:01:79 366 bp,1765
HLA:HLA32391,A,HLA:HLA32391 A*01:399 365 bp,1766
HLA:HLA14496,A,HLA:HLA14496 A*11:235Q 179 bp,1767
HLA:HLA10850,A,HLA:HLA10850 A*33:80N 142 bp,1768
HLA:HLA44415,DRB1,HLA:HLA44415 DRB1*12:01:01:16Q 266 bp,1769
HLA:HLA18114,C,HLA:HLA18114 C*03:373 366 bp,1770
HLA:HLA43812,A,HLA:HLA43812 A*02:1238 365 bp,1771
HLA:HLA30838,B,HLA:HLA30838 B*57:142N 157 bp,1772
HLA:HLA36237,DRB1,HLA:HLA36237 DRB1*14:07:03 266 bp,1773
HLA:HLA14546,DQB1,HLA:HLA14546 DQB1*05:112 220 bp,1774
HLA:HLA04985,A,HLA:HLA04985 A*02:218 181 bp,1775
HLA:HLA25211,B,HLA:HLA25211 B*27:12:01:03 362 bp,1776
HLA:HLA16643,DQB1,HLA:HLA16643 DQB1*02:89:01 257 bp,1777
HLA:HLA25180,DQA1,HLA:HLA25180 DQA1*05:05:03 254 bp,1778
HLA:HLA34979,C,HLA:HLA34979 C*01:234 366 bp,1779
HLA:HLA42857,DMA,HLA:HLA42857 DMA*01:01:01:47 261 bp,1780
HLA:HLA35812,DPB1,HLA:HLA35812 DPB1*104:01:01:10 258 bp,1781
HLA:HLA04274,C,HLA:HLA04274 C*03:72 181 bp,1782
HLA:HLA15872,A,HLA:HLA15872 A*24:364 365 bp,1783
HLA:HLA25611,C,HLA:HLA25611 C*14:02:01:17 366 bp,1784
HLA:HLA13899,DPB1,HLA:HLA13899 DPB1*473:01 87 bp,1785
HLA:HLA33163,A,HLA:HLA33163 A*02:01:01:226 365 bp,1786
HLA:HLA09304,DRB1,HLA:HLA09304 DRB1*11:145 89 bp,1787
HLA:HLA41973,B,HLA:HLA41973 B*58:157 362 bp,1788
HLA:HLA21123,C,HLA:HLA21123 C*02:159 366 bp,1789
HLA:HLA39962,C,HLA:HLA39962 C*08:278 366 bp,1790
HLA:HLA40807,DQA1,HLA:HLA40807 DQA1*03:76 255 bp,1791
HLA:HLA24935,DQA1,HLA:HLA24935 DQA1*02:10 175 bp,1792
HLA:HLA07313,DRB1,HLA:HLA07313 DRB1*11:119 89 bp,1793
HLA:HLA31301,B,HLA:HLA31301 B*45:01:01:09 362 bp,1794
HLA:HLA11574,C,HLA:HLA11574 C*15:88 366 bp,1795
HLA:HLA24745,C,HLA:HLA24745 C*12:03:01:23 366 bp,1796
HLA:HLA20399,A,HLA:HLA20399 A*26:166 364 bp,1797
HLA:HLA13036,C,HLA:HLA13036 C*07:411 366 bp,1798
HLA:HLA14569,DRB1,HLA:HLA14569 DRB1*08:03:06 89 bp,1799
HLA:HLA33737,DPA1,HLA:HLA33737 DPA1*03:01:01:10 260 bp,1800
HLA:HLA14687,DRB1,HLA:HLA14687 DRB1*01:74 183 bp,1801
HLA:HLA41994,DQB1,HLA:HLA41994 DQB1*05:356 183 bp,1802
HLA:HLA39871,B,HLA:HLA39871 B*42:37 362 bp,1803
HLA:HLA33617,C,HLA:HLA33617 C*05:267 366 bp,1804
HLA:HLA38399,TAP2,HLA:HLA38399 TAP2*02:01:03:05 704 bp,1805
HLA:HLA24889,A,HLA:HLA24889 A*30:01:01:06 365 bp,1806
HLA:HLA09678,DRB1,HLA:HLA09678 DRB1*16:01:05 183 bp,1807
HLA:HLA07212,B,HLA:HLA07212 B*35:183 181 bp,1808
HLA:HLA36181,B,HLA:HLA36181 B*39:06:08 362 bp,1809
HLA:HLA02126,A,HLA:HLA02126 A*02:74:02 181 bp,1810
HLA:HLA36339,DQB1,HLA:HLA36339 DQB1*06:457 261 bp,1811
HLA:HLA08703,C,HLA:HLA08703 C*07:275 181 bp,1812
HLA:HLA21955,B,HLA:HLA21955 B*37:01:16 362 bp,1813
HLA:HLA31268,C,HLA:HLA31268 C*03:567 366 bp,1814
HLA:HLA38136,DRB1,HLA:HLA38136 DRB1*03:01:01:26 266 bp,1815
HLA:HLA06426,C,HLA:HLA06426 C*12:56 181 bp,1816
HLA:HLA32990,C,HLA:HLA32990 C*03:04:01:72 366 bp,1817
HLA:HLA19295,C,HLA:HLA19295 C*07:02:90 366 bp,1818
HLA:HLA32565,DQB1,HLA:HLA32565 DQB1*05:291 261 bp,1819
HLA:HLA14529,C,HLA:HLA14529 C*07:485 366 bp,1820
HLA:HLA38290,B,HLA:HLA38290 B*45:01:01:14 362 bp,1821
HLA:HLA23300,C,HLA:HLA23300 C*18:02:04 366 bp,1822
HLA:HLA06187,B,HLA:HLA06187 B*07:121 181 bp,1823
HLA:HLA40684,DQB1,HLA:HLA40684 DQB1*03:526 261 bp,1824
HLA:HLA44303,DRB3,HLA:HLA44303 DRB3*03:01:01:11 266 bp,1825
HLA:HLA16543,C,HLA:HLA16543 C*03:346 181 bp,1826
HLA:HLA31626,B,HLA:HLA31626 B*40:491 362 bp,1827
HLA:HLA12257,A,HLA:HLA12257 A*02:540:01N 98 bp,1828
HLA:HLA18346,B,HLA:HLA18346 B*51:01:59 362 bp,1829
HLA:HLA23338,C,HLA:HLA23338 C*07:575:02 366 bp,1830
HLA:HLA00270,B,HLA:HLA00270 B*38:03 181 bp,1831
HLA:HLA14922,A,HLA:HLA14922 A*02:617 181 bp,1832
HLA:HLA42497,C,HLA:HLA42497 C*07:01:01:145 366 bp,1833
HLA:HLA18709,DPB1,HLA:HLA18709 DPB1*707:01 181 bp,1834
HLA:HLA05607,C,HLA:HLA05607 C*03:03:13 181 bp,1835
HLA:HLA16112,A,HLA:HLA16112 A*23:78 365 bp,1836
HLA:HLA21261,C,HLA:HLA21261 C*15:182 366 bp,1837
HLA:HLA40151,C,HLA:HLA40151 C*04:522 366 bp,1838
HLA:HLA37357,C,HLA:HLA37357 C*03:636N 268 bp,1839
HLA:HLA40765,DQB1,HLA:HLA40765 DQB1*02:224 261 bp,1840
HLA:HLA07661,B,HLA:HLA07661 B*07:02:31 181 bp,1841
HLA:HLA09765,DRB1,HLA:HLA09765 DRB1*11:147:01 89 bp,1842
HLA:HLA40474,A,HLA:HLA40474 A*32:01:56 365 bp,1843
HLA:HLA00966,A,HLA:HLA00966 A*02:01:03 291 bp,1844
HLA:HLA38962,DPB1,HLA:HLA38962 DPB1*1534:01 218 bp,1845
HLA:HLA22492,A,HLA:HLA22492 A*03:344:01 365 bp,1846
HLA:HLA02404,C,HLA:HLA02404 C*15:16:01 366 bp,1847
HLA:HLA00228,B,HLA:HLA00228 B*27:07:01:01 362 bp,1848
HLA:HLA20589,C,HLA:HLA20589 C*12:261 366 bp,1849
HLA:HLA24145,C,HLA:HLA24145 C*08:198 366 bp,1850
HLA:HLA04439,B,HLA:HLA04439 B*38:21 181 bp,1851
HLA:HLA20391,A,HLA:HLA20391 A*24:02:113 365 bp,1852
HLA:HLA42033,DRB4,HLA:HLA42033 DRB4*01:03:01:22 266 bp,1853
HLA:HLA20461,B,HLA:HLA20461 B*07:02:65 362 bp,1854
HLA:HLA23964,C,HLA:HLA23964 C*06:02:80 366 bp,1855
HLA:HLA21290,B,HLA:HLA21290 B*44:03:46 362 bp,1856
HLA:HLA17196,DQB1,HLA:HLA17196 DQB1*02:96N 150 bp,1857
HLA:HLA41736,B,HLA:HLA41736 B*52:01:58 362 bp,1858
HLA:HLA17786,B,HLA:HLA17786 B*44:277 362 bp,1859
HLA:HLA43326,DOA,HLA:HLA43326 DOA*01:01:01:17 250 bp,1860
HLA:HLA26498,A,HLA:HLA26498 A*01:340 365 bp,1861
HLA:HLA27023,A,HLA:HLA27023 A*02:01:01:144 365 bp,1862
HLA:HLA17761,C,HLA:HLA17761 C*07:606 366 bp,1863
HLA:HLA13055,DRB1,HLA:HLA13055 DRB1*07:38 89 bp,1864
HLA:HLA09942,C,HLA:HLA09942 C*01:02:20 273 bp,1865
HLA:HLA17425,DQB1,HLA:HLA17425 DQB1*03:03:14 183 bp,1866
HLA:HLA24315,B,HLA:HLA24315 B*44:50:03 362 bp,1867
HLA:HLA41361,C,HLA:HLA41361 C*07:1157 366 bp,1868
HLA:HLA24326,DRB5,HLA:HLA24326 DRB5*01:81N 82 bp,1869
HLA:HLA35883,C,HLA:HLA35883 C*04:01:148 366 bp,1870
HLA:HLA39631,C,HLA:HLA39631 C*12:400 366 bp,1871
HLA:HLA17331,B,HLA:HLA17331 B*18:138N 219 bp,1872
HLA:HLA25558,A,HLA:HLA25558 A*33:03:01:13 365 bp,1873
HLA:HLA01131,B,HLA:HLA01131 B*18:09 362 bp,1874
HLA:HLA09952,C,HLA:HLA09952 C*03:202 273 bp,1875
HLA:HLA27071,B,HLA:HLA27071 B*08:01:01:36 362 bp,1876
HLA:HLA30188,A,HLA:HLA30188 A*31:01:02:35 365 bp,1877
HLA:HLA06453,OTHER,HLA:HLA06453 MICA*064N 243 bp,1878
HLA:HLA28293,C,HLA:HLA28293 C*01:02:01:47 366 bp,1879
HLA:HLA20504,A,HLA:HLA20504 A*30:142 365 bp,1880
HLA:HLA19473,B,HLA:HLA19473 B*14:62 362 bp,1881
HLA:HLA43920,A,HLA:HLA43920 A*30:245 365 bp,1882
HLA:HLA30008,DPB1,HLA:HLA30008 DPB1*02:01:02:54 258 bp,1883
HLA:HLA44502,B,HLA:HLA44502 B*35:08:19 362 bp,1884
HLA:HLA43444,DRB5,HLA:HLA43444 DRB5*01:153 266 bp,1885
HLA:HLA07103,B,HLA:HLA07103 B*52:01:10 273 bp,1886
HLA:HLA11077,DRB1,HLA:HLA11077 DRB1*12:02:06 232 bp,1887
HLA:HLA10412,B,HLA:HLA10412 B*55:02:07 337 bp,1888
HLA:HLA41581,DPB1,HLA:HLA41581 DPB1*1712:01 258 bp,1889
HLA:HLA14134,A,HLA:HLA14134 A*02:593 181 bp,1890
HLA:HLA16506,B,HLA:HLA16506 B*07:290 181 bp,1891
HLA:HLA28918,A,HLA:HLA28918 A*01:01:119 365 bp,1892
HLA:HLA27457,DQB1,HLA:HLA27457 DQB1*05:01:40 257 bp,1893
HLA:HLA09339,A,HLA:HLA09339 A*01:128 365 bp,1894
HLA:HLA38293,C,HLA:HLA38293 C*16:213 366 bp,1895
HLA:HLA12284,B,HLA:HLA12284 B*58:62 181 bp,1896
HLA:HLA18395,C,HLA:HLA18395 C*07:73:02 366 bp,1897
HLA:HLA36324,DRB1,HLA:HLA36324 DRB1*15:01:01:30 266 bp,1898
HLA:HLA21860,DRB1,HLA:HLA21860 DRB1*11:248Q 180 bp,1899
HLA:HLA16347,DQB1,HLA:HLA16347 DQB1*05:138 89 bp,1900
HLA:HLA21596,DPB1,HLA:HLA21596 DPB1*909:01 258 bp,1901
HLA:HLA09962,C,HLA:HLA09962 C*03:204 273 bp,1902
HLA:HLA25845,C,HLA:HLA25845 C*12:03:01:31 366 bp,1903
HLA:HLA13398,B,HLA:HLA13398 B*41:37 362 bp,1904
HLA:HLA35339,DOA,HLA:HLA35339 DOA*01:01:02:05 250 bp,1905
HLA:HLA40088,A,HLA:HLA40088 A*02:11:01:08 365 bp,1906
HLA:HLA40503,B,HLA:HLA40503 B*15:700 362 bp,1907
HLA:HLA13258,C,HLA:HLA13258 C*15:113 181 bp,1908
HLA:HLA15030,B,HLA:HLA15030 B*49:43 273 bp,1909
HLA:HLA43069,B,HLA:HLA43069 B*44:03:77 362 bp,1910
HLA:HLA24765,C,HLA:HLA24765 C*04:01:01:66 366 bp,1911
HLA:HLA02525,C,HLA:HLA02525 C*04:20 181 bp,1912
HLA:HLA41982,B,HLA:HLA41982 B*53:75:01:02 362 bp,1913
HLA:HLA24257,A,HLA:HLA24257 A*03:368 365 bp,1914
HLA:HLA06768,A,HLA:HLA06768 A*02:01:61 181 bp,1915
HLA:HLA21906,C,HLA:HLA21906 C*04:359 349 bp,1916
HLA:HLA27756,B,HLA:HLA27756 B*82:04 362 bp,1917
HLA:HLA12852,DPB1,HLA:HLA12852 DPB1*410:01 87 bp,1918
HLA:HLA09042,C,HLA:HLA09042 C*03:04:35 181 bp,1919
HLA:HLA05035,C,HLA:HLA05035 C*07:124 273 bp,1920
HLA:HLA26447,OTHER,HLA:HLA26447 MICA*094 333 bp,1921
HLA:HLA17902,C,HLA:HLA17902 C*04:283 181 bp,1922
HLA:HLA24452,A,HLA:HLA24452 A*02:883 365 bp,1923
HLA:HLA20781,DRB5,HLA:HLA20781 DRB5*01:44 89 bp,1924
HLA:HLA40756,A,HLA:HLA40756 A*26:249 365 bp,1925
HLA:HLA40423,MICA,HLA:HLA40423 MICA*010:01:10 384 bp,1926
HLA:HLA26146,DRB1,HLA:HLA26146 DRB1*12:82 228 bp,1927
HLA:HLA42396,C,HLA:HLA42396 C*03:642:02 366 bp,1928
HLA:HLA41516,DPB1,HLA:HLA41516 DPB1*1665:01 258 bp,1929
HLA:HLA31726,B,HLA:HLA31726 B*46:01:34 362 bp,1930
HLA:HLA30713,DQB1,HLA:HLA30713 DQB1*06:388 220 bp,1931
HLA:HLA01544,A,HLA:HLA01544 A*74:08 181 bp,1932
HLA:HLA40663,DPB1,HLA:HLA40663 DPB1*1621:01 258 bp,1933
HLA:HLA35073,DPA1,HLA:HLA35073 DPA1*02:78 226 bp,1934
HLA:HLA01123,B,HLA:HLA01123 B*39:01:04 362 bp,1935
HLA:HLA01202,B,HLA:HLA01202 B*35:35 362 bp,1936
HLA:HLA32038,C,HLA:HLA32038 C*14:136 366 bp,1937
HLA:HLA23673,DPA1,HLA:HLA23673 DPA1*03:01:01:06 260 bp,1938
HLA:HLA38577,B,HLA:HLA38577 B*51:393Q 361 bp,1939
HLA:HLA06463,DMB,HLA:HLA06463 DMB*01:03:01:03 263 bp,1940
HLA:HLA04727,B,HLA:HLA04727 B*15:188 273 bp,1941
HLA:HLA34462,A,HLA:HLA34462 A*02:1055N 268 bp,1942
HLA:HLA21294,A,HLA:HLA21294 A*32:121 365 bp,1943
HLA:HLA05243,A,HLA:HLA05243 A*02:01:49 298 bp,1944
HLA:HLA08782,B,HLA:HLA08782 B*35:61:02 181 bp,1945
HLA:HLA30133,C,HLA:HLA30133 C*12:338 366 bp,1946
HLA:HLA32097,B,HLA:HLA32097 B*44:526 362 bp,1947
HLA:HLA30724,A,HLA:HLA30724 A*36:01:02 365 bp,1948
HLA:HLA19197,C,HLA:HLA19197 C*12:238 366 bp,1949
HLA:HLA29082,B,HLA:HLA29082 B*35:01:01:53 362 bp,1950
HLA:HLA30906,OTHER,HLA:HLA30906 MICA*131 349 bp,1951
HLA:HLA02351,A,HLA:HLA02351 A*02:89:01 365 bp,1952
HLA:HLA02293,C,HLA:HLA02293 C*07:01:04 181 bp,1953
HLA:HLA22259,C,HLA:HLA22259 C*08:01:27 366 bp,1954
HLA:HLA39618,B,HLA:HLA39618 B*44:400 362 bp,1955
HLA:HLA21511,DRB5,HLA:HLA21511 DRB5*01:49N 151 bp,1956
HLA:HLA37204,A,HLA:HLA37204 A*24:121:01:02 365 bp,1957
HLA:HLA09723,B,HLA:HLA09723 B*57:01:15 181 bp,1958
HLA:HLA01927,B,HLA:HLA01927 B*39:32 181 bp,1959
HLA:HLA40941,DPA1,HLA:HLA40941 DPA1*02:138 226 bp,1960
HLA:HLA34817,DRB1,HLA:HLA34817 DRB1*08:01:01:02 266 bp,1961
HLA:HLA28037,B,HLA:HLA28037 B*44:491 362 bp,1962
HLA:HLA29682,DRB1,HLA:HLA29682 DRB1*03:01:32 266 bp,1963
HLA:HLA44110,DPA1,HLA:HLA44110 DPA1*01:241N 63 bp,1964
HLA:HLA26177,B,HLA:HLA26177 B*14:01:01:07 362 bp,1965
HLA:HLA10971,A,HLA:HLA10971 A*69:03 181 bp,1966
HLA:HLA05162,C,HLA:HLA05162 C*03:88 366 bp,1967
HLA:HLA03138,B,HLA:HLA03138 B*13:21 181 bp,1968
HLA:HLA39561,B,HLA:HLA39561 B*51:401 362 bp,1969
HLA:HLA14394,C,HLA:HLA14394 C*07:478 181 bp,1970
HLA:HLA03013,C,HLA:HLA03013 C*07:51 366 bp,1971
HLA:HLA36966,B,HLA:HLA36966 B*13:02:39 362 bp,1972
HLA:HLA05113,C,HLA:HLA05113 C*15:29 366 bp,1973
HLA:HLA41935,A,HLA:HLA41935 A*30:233 365 bp,1974
HLA:HLA27709,A,HLA:HLA27709 A*11:373 365 bp,1975
HLA:HLA33875,DRB1,HLA:HLA33875 DRB1*08:03:13 232 bp,1976
HLA:HLA12648,A,HLA:HLA12648 A*02:554 181 bp,1977
HLA:HLA33839,C,HLA:HLA33839 C*14:141N 100 bp,1978
HLA:HLA39484,B,HLA:HLA39484 B*37:01:01:23 362 bp,1979
HLA:HLA09138,B,HLA:HLA09138 B*54:01:04 273 bp,1980
HLA:HLA29317,DRB1,HLA:HLA29317 DRB1*13:05:01:03 266 bp,1981
HLA:HLA41222,DQB1,HLA:HLA41222 DQB1*06:515 261 bp,1982
HLA:HLA09221,DQB1,HLA:HLA09221 DQB1*06:01:07 89 bp,1983
HLA:HLA27061,B,HLA:HLA27061 B*27:224 362 bp,1984
HLA:HLA24696,C,HLA:HLA24696 C*16:163 366 bp,1985
HLA:HLA20462,B,HLA:HLA20462 B*08:207 362 bp,1986
HLA:HLA35767,OTHER,HLA:HLA35767 MICA*221 385 bp,1987
HLA:HLA28804,E,HLA:HLA28804 E*01:116 358 bp,1988
HLA:HLA37317,B,HLA:HLA37317 B*56:93 362 bp,1989
HLA:HLA30458,C,HLA:HLA30458 C*04:01:01:120 366 bp,1990
HLA:HLA17422,C,HLA:HLA17422 C*16:112 366 bp,1991
HLA:HLA28210,DPB1,HLA:HLA28210 DPB1*1112:01N 175 bp,1992
HLA:HLA37584,C,HLA:HLA37584 C*04:202:02 366 bp,1993
HLA:HLA36602,A,HLA:HLA36602 A*11:435 365 bp,1994
HLA:HLA27375,E,HLA:HLA27375 E*01:35 358 bp,1995
HLA:HLA21620,C,HLA:HLA21620 C*03:453 366 bp,1996
HLA:HLA16033,B,HLA:HLA16033 B*52:01:29 273 bp,1997
HLA:HLA17270,C,HLA:HLA17270 C*04:274 366 bp,1998
HLA:HLA42456,DQA1,HLA:HLA42456 DQA1*01:02:02:07 255 bp,1999
